cluster_id,family,pair_count,node_count,validation_node_count,train_node_count,min_id_distance,lexical_min_sample_id,pair_ids,sample_ids
fpc_0001,frame,6,7,6,1,1,frame_00417,fp_0001|fp_0021|fp_0034|fp_0044|fp_0054|fp_0063,frame_00417|frame_00418|frame_00419|frame_00420|frame_00421|frame_00422|frame_00423
fpc_0002,frame,6,7,6,1,1,frame_00424,fp_0002|fp_0022|fp_0035|fp_0045|fp_0055|fp_0064,frame_00424|frame_00425|frame_00426|frame_00427|frame_00428|frame_00429|frame_00430
fpc_0003,frame,16,17,16,1,1,frame_00475,fp_0003|fp_0023|fp_0036|fp_0046|fp_0056|fp_0065|fp_0070|fp_0075|fp_0080|fp_0085|fp_0090|fp_0095|fp_0099|fp_0103|fp_0107|fp_0111,frame_00475|frame_00476|frame_00477|frame_00478|frame_00479|frame_00480|frame_00481|frame_00482|frame_00483|frame_00484|frame_00485|frame_00486|frame_00487|frame_00488|frame_00489|frame_00490|frame_00491
fpc_0004,frame,5,6,5,1,1,frame_00493,fp_0004|fp_0024|fp_0037|fp_0047|fp_0057,frame_00493|frame_00494|frame_00495|frame_00496|frame_00497|frame_00498
fpc_0005,frame,4,5,4,1,1,frame_00499,fp_0005|fp_0025|fp_0038|fp_0048,frame_00499|frame_00500|frame_00501|frame_00502|frame_00503
fpc_0006,frame,1,2,1,1,1,frame_00510,fp_0006,frame_00510|frame_00511
fpc_0007,frame,11,12,11,1,1,frame_00932,fp_0007|fp_0026|fp_0039|fp_0049|fp_0058|fp_0066|fp_0071|fp_0076|fp_0081|fp_0086|fp_0091,frame_00932|frame_00933|frame_00934|frame_00935|frame_00936|frame_00937|frame_00938|frame_00939|frame_00940|frame_00941|frame_00942|frame_00943
fpc_0008,frame,2,3,2,1,1,frame_01075,fp_0008|fp_0027,frame_01075|frame_01076|frame_01077
fpc_0009,frame,1,2,1,1,1,frame_01078,fp_0009,frame_01078|frame_01079
fpc_0010,frame,1,2,1,1,1,frame_01087,fp_0010,frame_01087|frame_01088
fpc_0011,frame,1,2,1,1,1,frame_01112,fp_0011,frame_01112|frame_01113
fpc_0012,frame,2,3,2,1,1,frame_01167,fp_0012|fp_0028,frame_01167|frame_01168|frame_01169
fpc_0013,frame,2,3,2,1,1,frame_01170,fp_0013|fp_0029,frame_01170|frame_01171|frame_01172
fpc_0014,frame,1,2,1,1,1,frame_01177,fp_0014,frame_01177|frame_01178
fpc_0015,frame,1,2,1,1,1,frame_01179,fp_0015,frame_01179|frame_01180
fpc_0016,frame,21,22,21,1,1,frame_01216,fp_0016|fp_0017|fp_0030|fp_0031|fp_0040|fp_0041|fp_0050|fp_0051|fp_0059|fp_0060|fp_0067|fp_0072|fp_0077|fp_0082|fp_0087|fp_0092|fp_0096|fp_0100|fp_0104|fp_0108|fp_0112,frame_01216|frame_01217|frame_01218|frame_01219|frame_01220|frame_01221|frame_01222|frame_01223|frame_01224|frame_01225|frame_01226|frame_01227|frame_01228|frame_01229|frame_01230|frame_01231|frame_01232|frame_01233|frame_01234|frame_01235|frame_01236|frame_01237
fpc_0017,frame,1,2,1,1,1,frame_01317,fp_0018,frame_01317|frame_01318
fpc_0018,frame,32,33,32,1,1,frame_02498,fp_0019|fp_0020|fp_0032|fp_0033|fp_0042|fp_0043|fp_0052|fp_0053|fp_0061|fp_0062|fp_0068|fp_0069|fp_0073|fp_0074|fp_0078|fp_0079|fp_0083|fp_0084|fp_0088|fp_0089|fp_0093|fp_0094|fp_0097|fp_0098|fp_0101|fp_0102|fp_0105|fp_0106|fp_0109|fp_0110|fp_0113|fp_0114,frame_02498|frame_02499|frame_02500|frame_02501|frame_02502|frame_02503|frame_02504|frame_02505|frame_02506|frame_02507|frame_02508|frame_02509|frame_02510|frame_02511|frame_02512|frame_02513|frame_02514|frame_02515|frame_02516|frame_02517|frame_02518|frame_02519|frame_02520|frame_02521|frame_02522|frame_02523|frame_02524|frame_02525|frame_02526|frame_02527|frame_02528|frame_02529|frame_02530
fpc_0019,nframe,6,7,6,1,1,nframe_01091,fp_0115|fp_0171|fp_0202|fp_0223|fp_0241|fp_0258,nframe_01091|nframe_01092|nframe_01093|nframe_01094|nframe_01095|nframe_01096|nframe_01097
fpc_0020,nframe,13,14,13,1,1,nframe_01098,fp_0116|fp_0117|fp_0172|fp_0173|fp_0203|fp_0204|fp_0224|fp_0225|fp_0242|fp_0243|fp_0259|fp_0260|fp_0271,nframe_01098|nframe_01099|nframe_01100|nframe_01101|nframe_01102|nframe_01103|nframe_01104|nframe_01105|nframe_01106|nframe_01107|nframe_01108|nframe_01109|nframe_01110|nframe_01111
fpc_0021,nframe,7,8,7,1,1,nframe_01112,fp_0118|fp_0174|fp_0205|fp_0226|fp_0244|fp_0261|fp_0272,nframe_01112|nframe_01113|nframe_01114|nframe_01115|nframe_01116|nframe_01117|nframe_01118|nframe_01119
fpc_0022,nframe,3,4,3,1,1,nframe_01120,fp_0119|fp_0175|fp_0206,nframe_01120|nframe_01121|nframe_01122|nframe_01123
fpc_0023,nframe,18,19,18,1,1,nframe_01124,fp_0120|fp_0121|fp_0176|fp_0177|fp_0207|fp_0227|fp_0245|fp_0262|fp_0273|fp_0282|fp_0289|fp_0296|fp_0304|fp_0313|fp_0322|fp_0330|fp_0338|fp_0346,nframe_01124|nframe_01125|nframe_01126|nframe_01127|nframe_01128|nframe_01129|nframe_01130|nframe_01131|nframe_01132|nframe_01133|nframe_01134|nframe_01135|nframe_01136|nframe_01137|nframe_01138|nframe_01139|nframe_01140|nframe_01141|nframe_01142
fpc_0024,nframe,16,17,16,1,1,nframe_01191,fp_0122|fp_0178|fp_0208|fp_0228|fp_0246|fp_0263|fp_0274|fp_0283|fp_0290|fp_0297|fp_0305|fp_0314|fp_0323|fp_0331|fp_0339|fp_0347,nframe_01191|nframe_01192|nframe_01193|nframe_01194|nframe_01195|nframe_01196|nframe_01197|nframe_01198|nframe_01199|nframe_01200|nframe_01201|nframe_01202|nframe_01203|nframe_01204|nframe_01205|nframe_01206|nframe_01207
fpc_0025,nframe,1,2,1,1,1,nframe_01265,fp_0123,nframe_01265|nframe_01266
fpc_0026,nframe,1,2,1,1,1,nframe_01267,fp_0124,nframe_01267|nframe_01268
fpc_0027,nframe,2,3,2,1,1,nframe_02448,fp_0125|fp_0179,nframe_02448|nframe_02449|nframe_02450
fpc_0028,nframe,1,2,1,1,1,nframe_02527,fp_0126,nframe_02527|nframe_02528
fpc_0029,nframe,6,7,6,1,1,nframe_02529,fp_0127|fp_0128|fp_0180|fp_0209|fp_0229|fp_0247,nframe_02529|nframe_02530|nframe_02531|nframe_02532|nframe_02533|nframe_02534|nframe_02535
fpc_0030,nframe,5,6,5,1,1,nframe_02536,fp_0129|fp_0181|fp_0210|fp_0230|fp_0248,nframe_02536|nframe_02537|nframe_02538|nframe_02539|nframe_02540|nframe_02541
fpc_0031,nframe,5,6,5,1,1,nframe_02549,fp_0130|fp_0182|fp_0211|fp_0231|fp_0249,nframe_02549|nframe_02550|nframe_02551|nframe_02552|nframe_02553|nframe_02554
fpc_0032,nframe,4,5,4,1,1,nframe_02555,fp_0131|fp_0183|fp_0212|fp_0232,nframe_02555|nframe_02556|nframe_02557|nframe_02558|nframe_02559
fpc_0033,nframe,1,2,1,1,1,nframe_02768,fp_0132,nframe_02768|nframe_02769
fpc_0034,nframe,1,2,1,1,1,nframe_03331,fp_0133,nframe_03331|nframe_03332
fpc_0035,nframe,2,3,2,1,1,nframe_03389,fp_0134|fp_0184,nframe_03389|nframe_03390|nframe_03391
fpc_0036,nframe,2,3,2,1,1,nframe_03392,fp_0135|fp_0185,nframe_03392|nframe_03393|nframe_03394
fpc_0037,nframe,1,2,1,1,1,nframe_03395,fp_0136,nframe_03395|nframe_03396
fpc_0038,nframe,1,2,1,1,1,nframe_03397,fp_0137,nframe_03397|nframe_03398
fpc_0039,nframe,3,4,3,1,1,nframe_03399,fp_0138|fp_0186|fp_0213,nframe_03399|nframe_03400|nframe_03401|nframe_03402
fpc_0040,nframe,3,4,3,1,1,nframe_03403,fp_0139|fp_0187|fp_0214,nframe_03403|nframe_03404|nframe_03405|nframe_03406
fpc_0041,nframe,2,3,2,1,1,nframe_03409,fp_0140|fp_0188,nframe_03409|nframe_03410|nframe_03411
fpc_0042,nframe,1,2,1,1,1,nframe_03412,fp_0141,nframe_03412|nframe_03413
fpc_0043,nframe,16,17,16,1,1,nframe_03420,fp_0142|fp_0189|fp_0215|fp_0233|fp_0250|fp_0264|fp_0275|fp_0284|fp_0291|fp_0298|fp_0306|fp_0315|fp_0324|fp_0332|fp_0340|fp_0348,nframe_03420|nframe_03421|nframe_03422|nframe_03423|nframe_03424|nframe_03425|nframe_03426|nframe_03427|nframe_03428|nframe_03429|nframe_03430|nframe_03431|nframe_03432|nframe_03433|nframe_03434|nframe_03435|nframe_03436
fpc_0044,nframe,16,17,16,1,1,nframe_03471,fp_0143|fp_0190|fp_0216|fp_0234|fp_0251|fp_0265|fp_0276|fp_0285|fp_0292|fp_0299|fp_0307|fp_0316|fp_0325|fp_0333|fp_0341|fp_0349,nframe_03471|nframe_03472|nframe_03473|nframe_03474|nframe_03475|nframe_03476|nframe_03477|nframe_03478|nframe_03479|nframe_03480|nframe_03481|nframe_03482|nframe_03483|nframe_03484|nframe_03485|nframe_03486|nframe_03487
fpc_0045,nframe,16,17,16,1,1,nframe_03489,fp_0144|fp_0191|fp_0217|fp_0235|fp_0252|fp_0266|fp_0277|fp_0286|fp_0293|fp_0300|fp_0308|fp_0317|fp_0326|fp_0334|fp_0342|fp_0350,nframe_03489|nframe_03490|nframe_03491|nframe_03492|nframe_03493|nframe_03494|nframe_03495|nframe_03496|nframe_03497|nframe_03498|nframe_03499|nframe_03500|nframe_03501|nframe_03502|nframe_03503|nframe_03504|nframe_03505
fpc_0046,nframe,1,2,1,1,1,nframe_04425,fp_0145,nframe_04425|nframe_04426
fpc_0047,nframe,16,17,16,1,1,nframe_04745,fp_0146|fp_0192|fp_0218|fp_0236|fp_0253|fp_0267|fp_0278|fp_0287|fp_0294|fp_0301|fp_0309|fp_0318|fp_0327|fp_0335|fp_0343|fp_0351,nframe_04745|nframe_04746|nframe_04747|nframe_04748|nframe_04749|nframe_04750|nframe_04751|nframe_04752|nframe_04753|nframe_04754|nframe_04755|nframe_04756|nframe_04757|nframe_04758|nframe_04759|nframe_04760|nframe_04761
fpc_0048,nframe,11,12,11,1,1,nframe_04763,fp_0147|fp_0193|fp_0219|fp_0237|fp_0254|fp_0310|fp_0319|fp_0328|fp_0336|fp_0344|fp_0352,nframe_04763|nframe_04764|nframe_04765|nframe_04766|nframe_04767|nframe_04768|nframe_04774|nframe_04775|nframe_04776|nframe_04777|nframe_04778|nframe_04779
fpc_0049,nframe,1,2,1,1,1,nframe_05544,fp_0148,nframe_05544|nframe_05545
fpc_0050,nframe,1,2,1,1,1,nframe_05548,fp_0149,nframe_05548|nframe_05549
fpc_0051,nframe,1,2,1,1,1,nframe_06577,fp_0150,nframe_06577|nframe_06578
fpc_0052,nframe,1,2,1,1,1,nframe_06579,fp_0151,nframe_06579|nframe_06580
fpc_0053,nframe,1,2,1,1,1,nframe_06669,fp_0152,nframe_06669|nframe_06670
fpc_0054,nframe,1,2,1,1,1,nframe_06671,fp_0153,nframe_06671|nframe_06672
fpc_0055,nframe,14,15,14,1,1,nframe_06794,fp_0154|fp_0194|fp_0220|fp_0238|fp_0255|fp_0268|fp_0279|fp_0302|fp_0311|fp_0320|fp_0329|fp_0337|fp_0345|fp_0353,nframe_06794|nframe_06795|nframe_06796|nframe_06797|nframe_06798|nframe_06799|nframe_06800|nframe_06803|nframe_06804|nframe_06805|nframe_06806|nframe_06807|nframe_06808|nframe_06809|nframe_06810
fpc_0056,nframe,1,2,1,1,1,nframe_07008,fp_0155,nframe_07008|nframe_07009
fpc_0057,nframe,1,2,1,1,1,nframe_07010,fp_0156,nframe_07010|nframe_07011
fpc_0058,nframe,12,13,12,1,1,nframe_07344,fp_0157|fp_0195|fp_0221|fp_0239|fp_0256|fp_0269|fp_0280|fp_0288|fp_0295|fp_0303|fp_0312|fp_0321,nframe_07344|nframe_07345|nframe_07346|nframe_07347|nframe_07348|nframe_07349|nframe_07350|nframe_07351|nframe_07352|nframe_07353|nframe_07354|nframe_07355|nframe_07356
fpc_0059,nframe,2,3,2,1,1,nframe_07357,fp_0158|fp_0196,nframe_07357|nframe_07358|nframe_07359
fpc_0060,nframe,2,3,2,1,1,nframe_07788,fp_0159|fp_0197,nframe_07788|nframe_07789|nframe_07790
fpc_0061,nframe,1,2,1,1,1,nframe_07795,fp_0160,nframe_07795|nframe_07796
fpc_0062,nframe,2,3,2,1,1,nframe_07833,fp_0161|fp_0198,nframe_07833|nframe_07834|nframe_07835
fpc_0063,nframe,8,9,8,1,1,nframe_07836,fp_0162|fp_0163|fp_0199|fp_0222|fp_0240|fp_0257|fp_0270|fp_0281,nframe_07836|nframe_07837|nframe_07838|nframe_07839|nframe_07840|nframe_07841|nframe_07842|nframe_07843|nframe_07844
fpc_0064,nframe,1,2,1,1,1,nframe_07911,fp_0164,nframe_07911|nframe_07912
fpc_0065,nframe,1,2,1,1,1,nframe_07913,fp_0165,nframe_07913|nframe_07914
fpc_0066,nframe,2,3,2,1,1,nframe_09360,fp_0166|fp_0200,nframe_09360|nframe_09361|nframe_09362
fpc_0067,nframe,1,2,1,1,1,nframe_09363,fp_0167,nframe_09363|nframe_09364
fpc_0068,nframe,1,2,1,1,1,nframe_09432,fp_0168,nframe_09432|nframe_09433
fpc_0069,nframe,1,2,1,1,1,nframe_09434,fp_0169,nframe_09434|nframe_09435
fpc_0070,nframe,2,3,2,1,1,nframe_09894,fp_0170|fp_0201,nframe_09894|nframe_09895|nframe_09896
