seed,comparison,ap,ap50,ap75,ar1,ar10,ar100
0,triair_init_equal_minus_scratch_equal,0.014,0.023,0.017,0.008,0.017,0.019
1,triair_init_equal_minus_scratch_equal,0.012,0.023,0.016,0.008,0.016,0.018
2,triair_init_equal_minus_scratch_equal,0.013,0.023,0.016,0.007,0.017,0.019
0,triair_init_reliability_minus_triair_init_equal,0.016,0.028,0.023,0.009,0.018,0.02
1,triair_init_reliability_minus_triair_init_equal,0.017,0.028,0.025,0.009,0.019,0.021
2,triair_init_reliability_minus_triair_init_equal,0.016,0.028,0.024,0.009,0.018,0.02
0,triair_init_reliability_minus_scratch_equal,0.03,0.051,0.04,0.017,0.035,0.039
1,triair_init_reliability_minus_scratch_equal,0.029,0.051,0.041,0.017,0.035,0.039
2,triair_init_reliability_minus_scratch_equal,0.029,0.051,0.04,0.016,0.035,0.039
