seed,method,ap,ap50,ap75,ar1,ar10,ar100
0,scratch_equal,0.218,0.552,0.131,0.171,0.332,0.349
0,triair_init_equal,0.232,0.575,0.148,0.179,0.349,0.368
0,triair_init_reliability,0.248,0.603,0.171,0.188,0.367,0.388
1,scratch_equal,0.224,0.561,0.138,0.176,0.34,0.357
1,triair_init_equal,0.236,0.584,0.154,0.184,0.356,0.375
1,triair_init_reliability,0.253,0.612,0.179,0.193,0.375,0.396
2,scratch_equal,0.221,0.557,0.135,0.174,0.336,0.353
2,triair_init_equal,0.234,0.58,0.151,0.181,0.353,0.372
2,triair_init_reliability,0.25,0.608,0.175,0.19,0.371,0.392
