model_group,condition,metric,mean,min,max,range,delta_from_all_modal_mean,limitation
matched_early,all_modal,precision,0.9187693819194747,0.9091538328430524,0.928384930995897,0.019231098152844628,0.0,These deterministic zero-channel evaluations do not emulate measured physical sensor faults or real cross-sensor deployment failures.
matched_early,all_modal,recall,0.8719959093233338,0.8484745184932674,0.8955173001534004,0.04704278166013298,0.0,These deterministic zero-channel evaluations do not emulate measured physical sensor faults or real cross-sensor deployment failures.
matched_early,all_modal,f1,0.8944584358717531,0.88663282571912,0.902284046024386,0.015651220305266,0.0,These deterministic zero-channel evaluations do not emulate measured physical sensor faults or real cross-sensor deployment failures.
matched_early,all_modal,ap50,0.9408408999443054,0.9361328482627869,0.945548951625824,0.00941610336303711,0.0,These deterministic zero-channel evaluations do not emulate measured physical sensor faults or real cross-sensor deployment failures.
matched_early,all_modal,ap75,0.8207659125328064,0.8004389405250549,0.8410928845405579,0.04065394401550293,0.0,These deterministic zero-channel evaluations do not emulate measured physical sensor faults or real cross-sensor deployment failures.
matched_early,rgb_removed,precision,0.8201992199541255,0.7940390544707091,0.8463593854375417,0.05232033096683264,-0.09857016196534918,These deterministic zero-channel evaluations do not emulate measured physical sensor faults or real cross-sensor deployment failures.
matched_early,rgb_removed,recall,0.6531447076870632,0.6478609169933527,0.6584284983807738,0.010567581387421088,-0.2188512016362706,These deterministic zero-channel evaluations do not emulate measured physical sensor faults or real cross-sensor deployment failures.
matched_early,rgb_removed,f1,0.7269142808945528,0.7199030935519941,0.7339254682371115,0.014022374685117356,-0.16754415497720032,These deterministic zero-channel evaluations do not emulate measured physical sensor faults or real cross-sensor deployment failures.
matched_early,rgb_removed,ap50,0.7378746867179871,0.716213583946228,0.7595357894897461,0.043322205543518066,-0.20296621322631836,These deterministic zero-channel evaluations do not emulate measured physical sensor faults or real cross-sensor deployment failures.
matched_early,rgb_removed,ap75,0.5265026688575745,0.5221837759017944,0.5308215618133545,0.008637785911560059,-0.29426324367523193,These deterministic zero-channel evaluations do not emulate measured physical sensor faults or real cross-sensor deployment failures.
matched_early,thermal_removed,precision,0.8225959044160284,0.8225806451612904,0.8226111636707664,3.0518509475996325e-05,-0.09617347750344629,These deterministic zero-channel evaluations do not emulate measured physical sensor faults or real cross-sensor deployment failures.
matched_early,thermal_removed,recall,0.30032384523606614,0.29640361343105504,0.3042440770410772,0.007840463610022164,-0.5716720640872677,These deterministic zero-channel evaluations do not emulate measured physical sensor faults or real cross-sensor deployment failures.
matched_early,thermal_removed,f1,0.4399902923605564,0.4357849893497055,0.4441955953714073,0.008410606021701794,-0.4544681435111967,These deterministic zero-channel evaluations do not emulate measured physical sensor faults or real cross-sensor deployment failures.
matched_early,thermal_removed,ap50,0.3648492246866226,0.3607472777366638,0.3689511716365814,0.008203893899917603,-0.5759916752576828,These deterministic zero-channel evaluations do not emulate measured physical sensor faults or real cross-sensor deployment failures.
matched_early,thermal_removed,ap75,0.26256974786520004,0.2412887066602707,0.2838507890701294,0.042562082409858704,-0.5581961646676064,These deterministic zero-channel evaluations do not emulate measured physical sensor faults or real cross-sensor deployment failures.
matched_early,event_removed,precision,0.9000886764912421,0.8954072479368497,0.9047701050456346,0.009362857108784928,-0.018680705428232525,These deterministic zero-channel evaluations do not emulate measured physical sensor faults or real cross-sensor deployment failures.
matched_early,event_removed,recall,0.8731038009204022,0.8506903016874041,0.8955173001534004,0.04482699846599625,0.0011078915970683667,These deterministic zero-channel evaluations do not emulate measured physical sensor faults or real cross-sensor deployment failures.
matched_early,event_removed,f1,0.8862980533853604,0.8724761821519097,0.900119924618811,0.027643742466901267,-0.008160382486392725,These deterministic zero-channel evaluations do not emulate measured physical sensor faults or real cross-sensor deployment failures.
matched_early,event_removed,ap50,0.9338785707950592,0.9237676858901978,0.9439894556999207,0.0202217698097229,-0.006962329149246216,These deterministic zero-channel evaluations do not emulate measured physical sensor faults or real cross-sensor deployment failures.
matched_early,event_removed,ap75,0.8020583689212799,0.7614662051200867,0.8426505327224731,0.08118432760238647,-0.01870754361152649,These deterministic zero-channel evaluations do not emulate measured physical sensor faults or real cross-sensor deployment failures.
reliability_p015,all_modal,precision,0.9273281114012184,0.9213228894691036,0.9333333333333333,0.01201044386422978,0.0,These deterministic zero-channel evaluations do not emulate measured physical sensor faults or real cross-sensor deployment failures.
reliability_p015,all_modal,recall,0.8996931992500425,0.8972217487642747,0.9021646497358105,0.004942900971535713,0.0,These deterministic zero-channel evaluations do not emulate measured physical sensor faults or real cross-sensor deployment failures.
reliability_p015,all_modal,f1,0.9132822400096081,0.9116431277988287,0.9149213522203875,0.003278224421558784,0.0,These deterministic zero-channel evaluations do not emulate measured physical sensor faults or real cross-sensor deployment failures.
reliability_p015,all_modal,ap50,0.958569347858429,0.9583612680435181,0.9587774276733398,0.00041615962982177734,0.0,These deterministic zero-channel evaluations do not emulate measured physical sensor faults or real cross-sensor deployment failures.
reliability_p015,all_modal,ap75,0.8759667277336121,0.8567192554473877,0.8952142000198364,0.03849494457244873,0.0,These deterministic zero-channel evaluations do not emulate measured physical sensor faults or real cross-sensor deployment failures.
reliability_p015,rgb_removed,precision,0.8568867017190755,0.8331029716655148,0.8806704317726362,0.04756746010712132,-0.07044140968214285,These deterministic zero-channel evaluations do not emulate measured physical sensor faults or real cross-sensor deployment failures.
reliability_p015,rgb_removed,recall,0.8229077893301517,0.821885120163627,0.8239304584966763,0.002045338333049318,-0.0767854099198908,These deterministic zero-channel evaluations do not emulate measured physical sensor faults or real cross-sensor deployment failures.
reliability_p015,rgb_removed,f1,0.8394060693814127,0.8274560274560274,0.8513561113067981,0.023900083850770693,-0.0738761706281954,These deterministic zero-channel evaluations do not emulate measured physical sensor faults or real cross-sensor deployment failures.
reliability_p015,rgb_removed,ap50,0.8984862864017487,0.8942665457725525,0.9027060270309448,0.008439481258392334,-0.0600830614566803,These deterministic zero-channel evaluations do not emulate measured physical sensor faults or real cross-sensor deployment failures.
reliability_p015,rgb_removed,ap75,0.7051162719726562,0.69971764087677,0.7105149030685425,0.010797262191772461,-0.1708504557609558,These deterministic zero-channel evaluations do not emulate measured physical sensor faults or real cross-sensor deployment failures.
reliability_p015,thermal_removed,precision,0.8320588113940757,0.8169185763042418,0.8471990464839094,0.030280470179667618,-0.09526930000714273,These deterministic zero-channel evaluations do not emulate measured physical sensor faults or real cross-sensor deployment failures.
reliability_p015,thermal_removed,recall,0.5884608829043805,0.5711607295040054,0.6057610363047554,0.03460030680074999,-0.31123231634566206,These deterministic zero-channel evaluations do not emulate measured physical sensor faults or real cross-sensor deployment failures.
reliability_p015,thermal_removed,f1,0.6893521377211514,0.672284080650015,0.7064201947922879,0.03413611414227291,-0.22393010228845667,These deterministic zero-channel evaluations do not emulate measured physical sensor faults or real cross-sensor deployment failures.
reliability_p015,thermal_removed,ap50,0.7030294239521027,0.6882084012031555,0.7178504467010498,0.029642045497894287,-0.2555399239063263,These deterministic zero-channel evaluations do not emulate measured physical sensor faults or real cross-sensor deployment failures.
reliability_p015,thermal_removed,ap75,0.3883095979690552,0.3607078790664673,0.41591131687164307,0.05520343780517578,-0.4876571297645569,These deterministic zero-channel evaluations do not emulate measured physical sensor faults or real cross-sensor deployment failures.
reliability_p015,event_removed,precision,0.930546441516446,0.9242264416315049,0.9368664414013872,0.012639999769882282,0.0032183301152276522,These deterministic zero-channel evaluations do not emulate measured physical sensor faults or real cross-sensor deployment failures.
reliability_p015,event_removed,recall,0.8969660814726437,0.8960286347366627,0.8979035282086245,0.0018748934719617916,-0.0027271177773988686,These deterministic zero-channel evaluations do not emulate measured physical sensor faults or real cross-sensor deployment failures.
reliability_p015,event_removed,f1,0.9134402048100072,0.9099091302466464,0.9169712793733681,0.007062149126721651,0.00015796480039909078,These deterministic zero-channel evaluations do not emulate measured physical sensor faults or real cross-sensor deployment failures.
reliability_p015,event_removed,ap50,0.958166241645813,0.9572747945785522,0.9590576887130737,0.0017828941345214844,-0.0004031062126159668,These deterministic zero-channel evaluations do not emulate measured physical sensor faults or real cross-sensor deployment failures.
reliability_p015,event_removed,ap75,0.8600485026836395,0.8292766213417053,0.8908203840255737,0.06154376268386841,-0.015918225049972534,These deterministic zero-channel evaluations do not emulate measured physical sensor faults or real cross-sensor deployment failures.
