run_id,seed,method,ap50_95,ap50,ap75,ar1,ar10,ar100,prediction_count,image_coverage,wall_clock_seconds,peak_gpu_memory_bytes,checkpoint_sha256
v73_seed0_scratch_equal,0,scratch_equal,0.2270061905886674,0.5628229678599971,0.14159762581491395,0.17648880419247265,0.33663649356836595,0.3536207717960934,184500,1845,154.67237830001977,165432832,090c46de5b330781f44a362508ddd257d70717718cfea29fde04cf48cbed95ca
v73_seed0_triair_init_equal,0,triair_init_equal,0.21548513182293902,0.5512347144342568,0.12807495563152496,0.1682229633158647,0.32713196760362073,0.34454502143878035,184500,1845,90.73275189998094,163043328,9b7799789d1cdf04219d772a8183e73685972a5ea4ac0f7e5e2288c243f99e41
v73_seed0_triair_init_reliability,0,triair_init_reliability,0.2118421725182429,0.538390235946299,0.12054210339564672,0.16617436874702235,0.31900905192949025,0.338423058599333,184500,1845,92.08360439998796,163043328,b943c15dca34425300a8a9006beff5dc29a4acf1cc833b02c2b618bcd726d8de
v73_seed1_scratch_equal,1,scratch_equal,0.21500167156700162,0.5448132692585299,0.12184937012524756,0.16622201048118151,0.32575035731300617,0.3422343973320629,184500,1845,84.29778660001466,163043328,db140d9b2eba6094fd6b9ea1b88a2914912ae54518d2fff2d030239375d80ed3
v73_seed1_triair_init_equal,1,triair_init_equal,0.2192399867334757,0.553850083014315,0.12738105107321668,0.16719866603144357,0.32336827060504997,0.3392806098141972,184500,1845,84.21000299998559,163043328,6bd47f2f557075232510ad8847d2226b50c99c07991692efc37180380caa849d
v73_seed1_triair_init_reliability,1,triair_init_reliability,0.20818589959083997,0.5390188708825032,0.11732206655891612,0.1641019533111005,0.32151024297284425,0.33823249166269653,184500,1845,89.13509270001668,163043328,c9fe9102b88df7816d330eed1e5bdaecc2e86a63f650f220f4692c5092a9d6a1
v73_seed2_scratch_equal,2,scratch_equal,0.22829028918813185,0.56315894372256,0.13861244854420154,0.17715578847070035,0.3414721295855169,0.35800381133873266,184500,1845,86.20071460001054,163043328,44019eed6c27d49e28c454015d074917510bcb68153e90e2f1a43ce51063a578
v73_seed2_triair_init_equal,2,triair_init_equal,0.21863533770643256,0.5527250582485096,0.12076931022747707,0.16924726060028586,0.32706050500238215,0.3471414959504526,184500,1845,83.9544057000021,163043328,be274fdbd7ebce95d319d17b7d2addec729ee71dbd70f116869f9a33b9db9459
v73_seed2_triair_init_reliability,2,triair_init_reliability,0.2252900769075687,0.5579845458463425,0.13838941699365376,0.17089090042877558,0.33256312529776083,0.3498094330633635,184500,1845,88.46641799999634,163043328,28d2929b7ea6ef873568740682e89aec7536b6672094897929964dfe14d5f74b
