cluster_id,cluster_pair_order,pair_id,family,validation_sample_id,validation_relative_path,validation_numeric_id,nearest_train_sample_id,nearest_train_relative_path,train_numeric_id,id_distance,pair_is_original_candidate_graph_edge,endpoints_in_same_reviewed_component,one_or_more_endpoint_in_reviewed_component,neither_endpoint_in_reviewed_component,validation_cdc_component_id,train_cdc_component_id,validation_reviewed_41_component_ids,train_reviewed_41_component_ids,exact_decoded_rgb_match,resized_rgb_mae,resized_rgb_absdiff_p95,diagnostic_rule,capture_order_claim,selection_basis,selection_rule
fpc_0001,1,fp_0001,frame,frame_00418,data/images/frame_00418.npy,418,frame_00417,data/images/frame_00417.npy,417,1,no,no,no,yes,cdc_0054,NA,NA,NA,no,4.290191,18.000000,same-family nearest train ID distance <= 16,not_claimed,family numeric ID distance only,all pairs selected because cluster pair_count <= 10
fpc_0001,2,fp_0021,frame,frame_00419,data/images/frame_00419.npy,419,frame_00417,data/images/frame_00417.npy,417,2,no,no,yes,no,cdc_0054,NA,tvcc_0001,NA,no,4.343802,17.000000,same-family nearest train ID distance <= 16,not_claimed,family numeric ID distance only,all pairs selected because cluster pair_count <= 10
fpc_0001,3,fp_0034,frame,frame_00420,data/images/frame_00420.npy,420,frame_00417,data/images/frame_00417.npy,417,3,no,no,no,yes,cdc_0054,NA,NA,NA,no,4.919253,19.000000,same-family nearest train ID distance <= 16,not_claimed,family numeric ID distance only,all pairs selected because cluster pair_count <= 10
fpc_0001,4,fp_0044,frame,frame_00421,data/images/frame_00421.npy,421,frame_00417,data/images/frame_00417.npy,417,4,no,no,yes,no,cdc_0054,NA,tvcc_0001,NA,no,6.317135,24.000000,same-family nearest train ID distance <= 16,not_claimed,family numeric ID distance only,all pairs selected because cluster pair_count <= 10
fpc_0001,5,fp_0054,frame,frame_00422,data/images/frame_00422.npy,422,frame_00417,data/images/frame_00417.npy,417,5,no,no,yes,no,cdc_0054,NA,tvcc_0001,NA,no,6.096858,24.000000,same-family nearest train ID distance <= 16,not_claimed,family numeric ID distance only,all pairs selected because cluster pair_count <= 10
fpc_0001,6,fp_0063,frame,frame_00423,data/images/frame_00423.npy,423,frame_00417,data/images/frame_00417.npy,417,6,no,no,no,yes,cdc_0054,NA,NA,NA,no,6.454878,25.000000,same-family nearest train ID distance <= 16,not_claimed,family numeric ID distance only,all pairs selected because cluster pair_count <= 10
fpc_0002,1,fp_0002,frame,frame_00429,data/images/frame_00429.npy,429,frame_00430,data/images/frame_00430.npy,430,1,no,no,yes,no,cdc_0054,cdc_0055,tvcc_0001,NA,no,5.665955,20.000000,same-family nearest train ID distance <= 16,not_claimed,family numeric ID distance only,all pairs selected because cluster pair_count <= 10
fpc_0002,2,fp_0022,frame,frame_00428,data/images/frame_00428.npy,428,frame_00430,data/images/frame_00430.npy,430,2,no,no,no,yes,cdc_0054,cdc_0055,NA,NA,no,6.643959,26.000000,same-family nearest train ID distance <= 16,not_claimed,family numeric ID distance only,all pairs selected because cluster pair_count <= 10
fpc_0002,3,fp_0035,frame,frame_00427,data/images/frame_00427.npy,427,frame_00430,data/images/frame_00430.npy,430,3,no,no,yes,no,cdc_0054,cdc_0055,tvcc_0001,NA,no,8.335972,33.000000,same-family nearest train ID distance <= 16,not_claimed,family numeric ID distance only,all pairs selected because cluster pair_count <= 10
fpc_0002,4,fp_0045,frame,frame_00426,data/images/frame_00426.npy,426,frame_00430,data/images/frame_00430.npy,430,4,no,no,yes,no,cdc_0054,cdc_0055,tvcc_0001,NA,no,9.939965,40.000000,same-family nearest train ID distance <= 16,not_claimed,family numeric ID distance only,all pairs selected because cluster pair_count <= 10
fpc_0002,5,fp_0055,frame,frame_00425,data/images/frame_00425.npy,425,frame_00430,data/images/frame_00430.npy,430,5,no,no,yes,no,cdc_0054,cdc_0055,tvcc_0001,NA,no,10.369479,43.000000,same-family nearest train ID distance <= 16,not_claimed,family numeric ID distance only,all pairs selected because cluster pair_count <= 10
fpc_0002,6,fp_0064,frame,frame_00424,data/images/frame_00424.npy,424,frame_00430,data/images/frame_00430.npy,430,6,no,no,yes,no,cdc_0054,cdc_0055,tvcc_0001,NA,no,11.284513,47.000000,same-family nearest train ID distance <= 16,not_claimed,family numeric ID distance only,all pairs selected because cluster pair_count <= 10
fpc_0003,1,fp_0003,frame,frame_00490,data/images/frame_00490.npy,490,frame_00491,data/images/frame_00491.npy,491,1,no,no,yes,no,NA,cdc_0065,NA,tvcc_0002,no,10.109462,41.000000,same-family nearest train ID distance <= 16,not_claimed,family numeric ID distance only,first 10 pairs by ascending ID distance and lexical pair ID
fpc_0003,2,fp_0023,frame,frame_00489,data/images/frame_00489.npy,489,frame_00491,data/images/frame_00491.npy,491,2,no,no,yes,no,cdc_0064,cdc_0065,NA,tvcc_0002,no,15.035556,63.000000,same-family nearest train ID distance <= 16,not_claimed,family numeric ID distance only,first 10 pairs by ascending ID distance and lexical pair ID
fpc_0003,3,fp_0036,frame,frame_00488,data/images/frame_00488.npy,488,frame_00491,data/images/frame_00491.npy,491,3,no,no,yes,no,cdc_0064,cdc_0065,NA,tvcc_0002,no,17.096563,73.000000,same-family nearest train ID distance <= 16,not_claimed,family numeric ID distance only,first 10 pairs by ascending ID distance and lexical pair ID
fpc_0003,4,fp_0046,frame,frame_00487,data/images/frame_00487.npy,487,frame_00491,data/images/frame_00491.npy,491,4,no,no,yes,no,cdc_0063,cdc_0065,NA,tvcc_0002,no,21.009966,91.000000,same-family nearest train ID distance <= 16,not_claimed,family numeric ID distance only,first 10 pairs by ascending ID distance and lexical pair ID
fpc_0003,5,fp_0056,frame,frame_00486,data/images/frame_00486.npy,486,frame_00491,data/images/frame_00491.npy,491,5,no,no,yes,no,cdc_0063,cdc_0065,NA,tvcc_0002,no,21.964235,97.000000,same-family nearest train ID distance <= 16,not_claimed,family numeric ID distance only,first 10 pairs by ascending ID distance and lexical pair ID
fpc_0003,6,fp_0065,frame,frame_00485,data/images/frame_00485.npy,485,frame_00491,data/images/frame_00491.npy,491,6,no,no,yes,no,cdc_0063,cdc_0065,NA,tvcc_0002,no,23.290573,103.000000,same-family nearest train ID distance <= 16,not_claimed,family numeric ID distance only,first 10 pairs by ascending ID distance and lexical pair ID
fpc_0003,7,fp_0070,frame,frame_00484,data/images/frame_00484.npy,484,frame_00491,data/images/frame_00491.npy,491,7,no,no,yes,no,cdc_0061,cdc_0065,NA,tvcc_0002,no,24.985607,111.000000,same-family nearest train ID distance <= 16,not_claimed,family numeric ID distance only,first 10 pairs by ascending ID distance and lexical pair ID
fpc_0003,8,fp_0075,frame,frame_00483,data/images/frame_00483.npy,483,frame_00491,data/images/frame_00491.npy,491,8,no,no,yes,no,cdc_0061,cdc_0065,NA,tvcc_0002,no,25.549601,116.000000,same-family nearest train ID distance <= 16,not_claimed,family numeric ID distance only,first 10 pairs by ascending ID distance and lexical pair ID
fpc_0003,9,fp_0080,frame,frame_00482,data/images/frame_00482.npy,482,frame_00491,data/images/frame_00491.npy,491,9,no,no,yes,no,cdc_0062,cdc_0065,NA,tvcc_0002,no,25.560730,118.000000,same-family nearest train ID distance <= 16,not_claimed,family numeric ID distance only,first 10 pairs by ascending ID distance and lexical pair ID
fpc_0003,10,fp_0085,frame,frame_00481,data/images/frame_00481.npy,481,frame_00491,data/images/frame_00491.npy,491,10,no,no,yes,no,cdc_0062,cdc_0065,NA,tvcc_0002,no,26.647865,122.000000,same-family nearest train ID distance <= 16,not_claimed,family numeric ID distance only,first 10 pairs by ascending ID distance and lexical pair ID
fpc_0004,1,fp_0004,frame,frame_00494,data/images/frame_00494.npy,494,frame_00493,data/images/frame_00493.npy,493,1,no,no,no,yes,cdc_0066,cdc_0065,NA,NA,no,9.436944,35.000000,same-family nearest train ID distance <= 16,not_claimed,family numeric ID distance only,all pairs selected because cluster pair_count <= 10
fpc_0004,2,fp_0024,frame,frame_00495,data/images/frame_00495.npy,495,frame_00493,data/images/frame_00493.npy,493,2,no,no,no,yes,cdc_0066,cdc_0065,NA,NA,no,15.071042,58.000000,same-family nearest train ID distance <= 16,not_claimed,family numeric ID distance only,all pairs selected because cluster pair_count <= 10
fpc_0004,3,fp_0037,frame,frame_00496,data/images/frame_00496.npy,496,frame_00493,data/images/frame_00493.npy,493,3,no,no,no,yes,cdc_0067,cdc_0065,NA,NA,no,17.412239,66.000000,same-family nearest train ID distance <= 16,not_claimed,family numeric ID distance only,all pairs selected because cluster pair_count <= 10
fpc_0004,4,fp_0047,frame,frame_00497,data/images/frame_00497.npy,497,frame_00493,data/images/frame_00493.npy,493,4,no,no,no,yes,cdc_0067,cdc_0065,NA,NA,no,19.682865,78.000000,same-family nearest train ID distance <= 16,not_claimed,family numeric ID distance only,all pairs selected because cluster pair_count <= 10
fpc_0004,5,fp_0057,frame,frame_00498,data/images/frame_00498.npy,498,frame_00493,data/images/frame_00493.npy,493,5,no,no,no,yes,cdc_0067,cdc_0065,NA,NA,no,19.930208,82.000000,same-family nearest train ID distance <= 16,not_claimed,family numeric ID distance only,all pairs selected because cluster pair_count <= 10
fpc_0005,1,fp_0005,frame,frame_00502,data/images/frame_00502.npy,502,frame_00503,data/images/frame_00503.npy,503,1,no,no,no,yes,cdc_0067,cdc_0065,NA,NA,no,8.368455,35.000000,same-family nearest train ID distance <= 16,not_claimed,family numeric ID distance only,all pairs selected because cluster pair_count <= 10
fpc_0005,2,fp_0025,frame,frame_00501,data/images/frame_00501.npy,501,frame_00503,data/images/frame_00503.npy,503,2,no,no,no,yes,cdc_0067,cdc_0065,NA,NA,no,13.162865,56.000000,same-family nearest train ID distance <= 16,not_claimed,family numeric ID distance only,all pairs selected because cluster pair_count <= 10
fpc_0005,3,fp_0038,frame,frame_00500,data/images/frame_00500.npy,500,frame_00503,data/images/frame_00503.npy,503,3,no,no,no,yes,cdc_0067,cdc_0065,NA,NA,no,14.782135,63.000000,same-family nearest train ID distance <= 16,not_claimed,family numeric ID distance only,all pairs selected because cluster pair_count <= 10
fpc_0005,4,fp_0048,frame,frame_00499,data/images/frame_00499.npy,499,frame_00503,data/images/frame_00503.npy,503,4,no,no,no,yes,cdc_0067,cdc_0065,NA,NA,no,15.351372,65.000000,same-family nearest train ID distance <= 16,not_claimed,family numeric ID distance only,all pairs selected because cluster pair_count <= 10
fpc_0006,1,fp_0006,frame,frame_00511,data/images/frame_00511.npy,511,frame_00510,data/images/frame_00510.npy,510,1,no,no,yes,no,NA,cdc_0065,NA,tvcc_0002,no,13.979497,58.000000,same-family nearest train ID distance <= 16,not_claimed,family numeric ID distance only,all pairs selected because cluster pair_count <= 10
fpc_0007,1,fp_0007,frame,frame_00933,data/images/frame_00933.npy,933,frame_00932,data/images/frame_00932.npy,932,1,no,no,yes,no,cdc_0101,NA,tvcc_0003,NA,no,23.474253,94.000000,same-family nearest train ID distance <= 16,not_claimed,family numeric ID distance only,first 10 pairs by ascending ID distance and lexical pair ID
fpc_0007,2,fp_0026,frame,frame_00934,data/images/frame_00934.npy,934,frame_00932,data/images/frame_00932.npy,932,2,no,no,yes,no,cdc_0101,NA,tvcc_0003,NA,no,30.067032,112.000000,same-family nearest train ID distance <= 16,not_claimed,family numeric ID distance only,first 10 pairs by ascending ID distance and lexical pair ID
fpc_0007,3,fp_0039,frame,frame_00935,data/images/frame_00935.npy,935,frame_00932,data/images/frame_00932.npy,932,3,no,no,yes,no,cdc_0101,NA,tvcc_0003,NA,no,32.258663,116.000000,same-family nearest train ID distance <= 16,not_claimed,family numeric ID distance only,first 10 pairs by ascending ID distance and lexical pair ID
fpc_0007,4,fp_0049,frame,frame_00936,data/images/frame_00936.npy,936,frame_00932,data/images/frame_00932.npy,932,4,no,no,yes,no,cdc_0101,NA,tvcc_0003,NA,no,35.446701,122.000000,same-family nearest train ID distance <= 16,not_claimed,family numeric ID distance only,first 10 pairs by ascending ID distance and lexical pair ID
fpc_0007,5,fp_0058,frame,frame_00937,data/images/frame_00937.npy,937,frame_00932,data/images/frame_00932.npy,932,5,no,no,no,yes,cdc_0101,NA,NA,NA,no,35.838455,120.000000,same-family nearest train ID distance <= 16,not_claimed,family numeric ID distance only,first 10 pairs by ascending ID distance and lexical pair ID
fpc_0007,6,fp_0066,frame,frame_00938,data/images/frame_00938.npy,938,frame_00932,data/images/frame_00932.npy,932,6,no,no,yes,no,cdc_0101,NA,tvcc_0003,NA,no,37.055695,120.000000,same-family nearest train ID distance <= 16,not_claimed,family numeric ID distance only,first 10 pairs by ascending ID distance and lexical pair ID
fpc_0007,7,fp_0071,frame,frame_00939,data/images/frame_00939.npy,939,frame_00932,data/images/frame_00932.npy,932,7,no,no,yes,no,cdc_0101,NA,tvcc_0003,NA,no,36.303421,121.000000,same-family nearest train ID distance <= 16,not_claimed,family numeric ID distance only,first 10 pairs by ascending ID distance and lexical pair ID
fpc_0007,8,fp_0076,frame,frame_00940,data/images/frame_00940.npy,940,frame_00932,data/images/frame_00932.npy,932,8,no,no,yes,no,cdc_0101,NA,tvcc_0003,NA,no,24.709080,99.000000,same-family nearest train ID distance <= 16,not_claimed,family numeric ID distance only,first 10 pairs by ascending ID distance and lexical pair ID
fpc_0007,9,fp_0081,frame,frame_00941,data/images/frame_00941.npy,941,frame_00932,data/images/frame_00932.npy,932,9,no,no,yes,no,cdc_0101,NA,tvcc_0003,NA,no,29.760365,115.000000,same-family nearest train ID distance <= 16,not_claimed,family numeric ID distance only,first 10 pairs by ascending ID distance and lexical pair ID
fpc_0007,10,fp_0086,frame,frame_00942,data/images/frame_00942.npy,942,frame_00932,data/images/frame_00932.npy,932,10,no,no,yes,no,cdc_0101,NA,tvcc_0003,NA,no,31.590208,119.000000,same-family nearest train ID distance <= 16,not_claimed,family numeric ID distance only,first 10 pairs by ascending ID distance and lexical pair ID
fpc_0008,1,fp_0008,frame,frame_01076,data/images/frame_01076.npy,1076,frame_01075,data/images/frame_01075.npy,1075,1,no,no,no,yes,cdc_0117,NA,NA,NA,no,6.588715,26.000000,same-family nearest train ID distance <= 16,not_claimed,family numeric ID distance only,all pairs selected because cluster pair_count <= 10
fpc_0008,2,fp_0027,frame,frame_01077,data/images/frame_01077.npy,1077,frame_01075,data/images/frame_01075.npy,1075,2,no,no,no,yes,cdc_0117,NA,NA,NA,no,7.183906,28.000000,same-family nearest train ID distance <= 16,not_claimed,family numeric ID distance only,all pairs selected because cluster pair_count <= 10
fpc_0009,1,fp_0009,frame,frame_01078,data/images/frame_01078.npy,1078,frame_01079,data/images/frame_01079.npy,1079,1,no,no,yes,no,cdc_0117,NA,tvcc_0005,NA,no,11.317621,42.000000,same-family nearest train ID distance <= 16,not_claimed,family numeric ID distance only,all pairs selected because cluster pair_count <= 10
fpc_0010,1,fp_0010,frame,frame_01088,data/images/frame_01088.npy,1088,frame_01087,data/images/frame_01087.npy,1087,1,no,no,yes,no,cdc_0119,cdc_0118,tvcc_0006,NA,no,10.742361,40.000000,same-family nearest train ID distance <= 16,not_claimed,family numeric ID distance only,all pairs selected because cluster pair_count <= 10
fpc_0011,1,fp_0011,frame,frame_01113,data/images/frame_01113.npy,1113,frame_01112,data/images/frame_01112.npy,1112,1,no,no,yes,no,cdc_0124,NA,tvcc_0008,NA,no,13.843125,50.000000,same-family nearest train ID distance <= 16,not_claimed,family numeric ID distance only,all pairs selected because cluster pair_count <= 10
fpc_0012,1,fp_0012,frame,frame_01168,data/images/frame_01168.npy,1168,frame_01167,data/images/frame_01167.npy,1167,1,no,no,no,yes,cdc_0129,NA,NA,NA,no,9.854584,37.000000,same-family nearest train ID distance <= 16,not_claimed,family numeric ID distance only,all pairs selected because cluster pair_count <= 10
fpc_0012,2,fp_0028,frame,frame_01169,data/images/frame_01169.npy,1169,frame_01167,data/images/frame_01167.npy,1167,2,no,no,yes,no,cdc_0129,NA,tvcc_0009,NA,no,10.478837,38.000000,same-family nearest train ID distance <= 16,not_claimed,family numeric ID distance only,all pairs selected because cluster pair_count <= 10
fpc_0013,1,fp_0013,frame,frame_01171,data/images/frame_01171.npy,1171,frame_01172,data/images/frame_01172.npy,1172,1,no,no,yes,no,cdc_0129,NA,tvcc_0009,NA,no,13.553559,50.000000,same-family nearest train ID distance <= 16,not_claimed,family numeric ID distance only,all pairs selected because cluster pair_count <= 10
fpc_0013,2,fp_0029,frame,frame_01170,data/images/frame_01170.npy,1170,frame_01172,data/images/frame_01172.npy,1172,2,no,no,yes,no,cdc_0129,NA,tvcc_0009,NA,no,13.657274,50.000000,same-family nearest train ID distance <= 16,not_claimed,family numeric ID distance only,all pairs selected because cluster pair_count <= 10
fpc_0014,1,fp_0014,frame,frame_01178,data/images/frame_01178.npy,1178,frame_01177,data/images/frame_01177.npy,1177,1,no,no,no,yes,cdc_0129,NA,NA,NA,no,9.120017,35.000000,same-family nearest train ID distance <= 16,not_claimed,family numeric ID distance only,all pairs selected because cluster pair_count <= 10
fpc_0015,1,fp_0015,frame,frame_01179,data/images/frame_01179.npy,1179,frame_01180,data/images/frame_01180.npy,1180,1,no,no,yes,no,cdc_0129,NA,tvcc_0009,NA,no,10.060555,38.000000,same-family nearest train ID distance <= 16,not_claimed,family numeric ID distance only,all pairs selected because cluster pair_count <= 10
fpc_0016,1,fp_0016,frame,frame_01220,data/images/frame_01220.npy,1220,frame_01221,data/images/frame_01221.npy,1221,1,no,no,yes,no,cdc_0133,cdc_0131,NA,tvcc_0010,no,9.191979,40.000000,same-family nearest train ID distance <= 16,not_claimed,family numeric ID distance only,first 10 pairs by ascending ID distance and lexical pair ID
fpc_0016,2,fp_0017,frame,frame_01222,data/images/frame_01222.npy,1222,frame_01221,data/images/frame_01221.npy,1221,1,no,no,yes,no,NA,cdc_0131,NA,tvcc_0010,no,9.464896,43.000000,same-family nearest train ID distance <= 16,not_claimed,family numeric ID distance only,first 10 pairs by ascending ID distance and lexical pair ID
fpc_0016,3,fp_0030,frame,frame_01219,data/images/frame_01219.npy,1219,frame_01221,data/images/frame_01221.npy,1221,2,no,no,yes,no,cdc_0133,cdc_0131,NA,tvcc_0010,no,9.505468,41.000000,same-family nearest train ID distance <= 16,not_claimed,family numeric ID distance only,first 10 pairs by ascending ID distance and lexical pair ID
fpc_0016,4,fp_0031,frame,frame_01223,data/images/frame_01223.npy,1223,frame_01221,data/images/frame_01221.npy,1221,2,no,no,yes,no,cdc_0134,cdc_0131,NA,tvcc_0010,no,12.518473,60.000000,same-family nearest train ID distance <= 16,not_claimed,family numeric ID distance only,first 10 pairs by ascending ID distance and lexical pair ID
fpc_0016,5,fp_0040,frame,frame_01218,data/images/frame_01218.npy,1218,frame_01221,data/images/frame_01221.npy,1221,3,no,no,yes,no,cdc_0132,cdc_0131,NA,tvcc_0010,no,11.009357,51.000000,same-family nearest train ID distance <= 16,not_claimed,family numeric ID distance only,first 10 pairs by ascending ID distance and lexical pair ID
fpc_0016,6,fp_0041,frame,frame_01224,data/images/frame_01224.npy,1224,frame_01221,data/images/frame_01221.npy,1221,3,no,no,yes,no,cdc_0134,cdc_0131,NA,tvcc_0010,no,13.763871,67.000000,same-family nearest train ID distance <= 16,not_claimed,family numeric ID distance only,first 10 pairs by ascending ID distance and lexical pair ID
fpc_0016,7,fp_0050,frame,frame_01217,data/images/frame_01217.npy,1217,frame_01221,data/images/frame_01221.npy,1221,4,no,no,yes,no,cdc_0132,cdc_0131,NA,tvcc_0010,no,12.327830,59.050000,same-family nearest train ID distance <= 16,not_claimed,family numeric ID distance only,first 10 pairs by ascending ID distance and lexical pair ID
fpc_0016,8,fp_0051,frame,frame_01225,data/images/frame_01225.npy,1225,frame_01221,data/images/frame_01221.npy,1221,4,no,no,yes,no,cdc_0134,cdc_0131,NA,tvcc_0010,no,15.089427,72.000000,same-family nearest train ID distance <= 16,not_claimed,family numeric ID distance only,first 10 pairs by ascending ID distance and lexical pair ID
fpc_0016,9,fp_0059,frame,frame_01216,data/images/frame_01216.npy,1216,frame_01221,data/images/frame_01221.npy,1221,5,no,no,yes,no,NA,cdc_0131,NA,tvcc_0010,no,14.584375,70.000000,same-family nearest train ID distance <= 16,not_claimed,family numeric ID distance only,first 10 pairs by ascending ID distance and lexical pair ID
fpc_0016,10,fp_0060,frame,frame_01226,data/images/frame_01226.npy,1226,frame_01221,data/images/frame_01221.npy,1221,5,no,no,yes,no,cdc_0134,cdc_0131,NA,tvcc_0010,no,16.897900,78.000000,same-family nearest train ID distance <= 16,not_claimed,family numeric ID distance only,first 10 pairs by ascending ID distance and lexical pair ID
fpc_0017,1,fp_0018,frame,frame_01318,data/images/frame_01318.npy,1318,frame_01317,data/images/frame_01317.npy,1317,1,no,no,yes,no,cdc_0140,NA,tvcc_0011,NA,no,12.391198,61.000000,same-family nearest train ID distance <= 16,not_claimed,family numeric ID distance only,all pairs selected because cluster pair_count <= 10
fpc_0018,1,fp_0019,frame,frame_02513,data/images/frame_02513.npy,2513,frame_02514,data/images/frame_02514.npy,2514,1,no,no,yes,no,NA,cdc_0123,NA,tvcc_0007,no,21.066631,83.000000,same-family nearest train ID distance <= 16,not_claimed,family numeric ID distance only,first 10 pairs by ascending ID distance and lexical pair ID
fpc_0018,2,fp_0020,frame,frame_02515,data/images/frame_02515.npy,2515,frame_02514,data/images/frame_02514.npy,2514,1,no,no,yes,no,cdc_0124,cdc_0123,tvcc_0008,tvcc_0007,no,14.918959,63.000000,same-family nearest train ID distance <= 16,not_claimed,family numeric ID distance only,first 10 pairs by ascending ID distance and lexical pair ID
fpc_0018,3,fp_0032,frame,frame_02512,data/images/frame_02512.npy,2512,frame_02514,data/images/frame_02514.npy,2514,2,no,no,yes,no,cdc_0313,cdc_0123,NA,tvcc_0007,no,27.049202,102.000000,same-family nearest train ID distance <= 16,not_claimed,family numeric ID distance only,first 10 pairs by ascending ID distance and lexical pair ID
fpc_0018,4,fp_0033,frame,frame_02516,data/images/frame_02516.npy,2516,frame_02514,data/images/frame_02514.npy,2514,2,no,no,yes,no,NA,cdc_0123,NA,tvcc_0007,no,18.731441,83.000000,same-family nearest train ID distance <= 16,not_claimed,family numeric ID distance only,first 10 pairs by ascending ID distance and lexical pair ID
fpc_0018,5,fp_0042,frame,frame_02511,data/images/frame_02511.npy,2511,frame_02514,data/images/frame_02514.npy,2514,3,no,no,yes,no,cdc_0313,cdc_0123,NA,tvcc_0007,no,28.817917,107.000000,same-family nearest train ID distance <= 16,not_claimed,family numeric ID distance only,first 10 pairs by ascending ID distance and lexical pair ID
fpc_0018,6,fp_0043,frame,frame_02517,data/images/frame_02517.npy,2517,frame_02514,data/images/frame_02514.npy,2514,3,no,no,yes,no,NA,cdc_0123,NA,tvcc_0007,no,20.267916,87.000000,same-family nearest train ID distance <= 16,not_claimed,family numeric ID distance only,first 10 pairs by ascending ID distance and lexical pair ID
fpc_0018,7,fp_0052,frame,frame_02510,data/images/frame_02510.npy,2510,frame_02514,data/images/frame_02514.npy,2514,4,no,no,yes,no,NA,cdc_0123,NA,tvcc_0007,no,30.268438,109.000000,same-family nearest train ID distance <= 16,not_claimed,family numeric ID distance only,first 10 pairs by ascending ID distance and lexical pair ID
fpc_0018,8,fp_0053,frame,frame_02518,data/images/frame_02518.npy,2518,frame_02514,data/images/frame_02514.npy,2514,4,no,no,yes,no,cdc_0117,cdc_0123,NA,tvcc_0007,no,25.986198,100.000000,same-family nearest train ID distance <= 16,not_claimed,family numeric ID distance only,first 10 pairs by ascending ID distance and lexical pair ID
fpc_0018,9,fp_0061,frame,frame_02509,data/images/frame_02509.npy,2509,frame_02514,data/images/frame_02514.npy,2514,5,no,no,yes,no,cdc_0313,cdc_0123,NA,tvcc_0007,no,27.667465,106.000000,same-family nearest train ID distance <= 16,not_claimed,family numeric ID distance only,first 10 pairs by ascending ID distance and lexical pair ID
fpc_0018,10,fp_0062,frame,frame_02519,data/images/frame_02519.npy,2519,frame_02514,data/images/frame_02514.npy,2514,5,no,no,yes,no,cdc_0117,cdc_0123,NA,tvcc_0007,no,27.722656,103.000000,same-family nearest train ID distance <= 16,not_claimed,family numeric ID distance only,first 10 pairs by ascending ID distance and lexical pair ID
fpc_0019,1,fp_0115,nframe,nframe_01092,data/images/nframe_01092.npy,1092,nframe_01091,data/images/nframe_01091.npy,1091,1,no,no,yes,no,NA,cdc_0509,NA,tvcc_0015,no,1.613281,6.000000,same-family nearest train ID distance <= 16,not_claimed,family numeric ID distance only,all pairs selected because cluster pair_count <= 10
fpc_0019,2,fp_0171,nframe,nframe_01093,data/images/nframe_01093.npy,1093,nframe_01091,data/images/nframe_01091.npy,1091,2,no,no,yes,no,cdc_0514,cdc_0509,tvcc_0016,tvcc_0015,no,3.172604,10.000000,same-family nearest train ID distance <= 16,not_claimed,family numeric ID distance only,all pairs selected because cluster pair_count <= 10
fpc_0019,3,fp_0202,nframe,nframe_01094,data/images/nframe_01094.npy,1094,nframe_01091,data/images/nframe_01091.npy,1091,3,no,no,yes,no,cdc_0514,cdc_0509,tvcc_0016,tvcc_0015,no,3.490139,11.000000,same-family nearest train ID distance <= 16,not_claimed,family numeric ID distance only,all pairs selected because cluster pair_count <= 10
fpc_0019,4,fp_0223,nframe,nframe_01095,data/images/nframe_01095.npy,1095,nframe_01091,data/images/nframe_01091.npy,1091,4,no,no,yes,no,cdc_0514,cdc_0509,tvcc_0016,tvcc_0015,no,3.527847,11.000000,same-family nearest train ID distance <= 16,not_claimed,family numeric ID distance only,all pairs selected because cluster pair_count <= 10
fpc_0019,5,fp_0241,nframe,nframe_01096,data/images/nframe_01096.npy,1096,nframe_01091,data/images/nframe_01091.npy,1091,5,no,no,yes,no,cdc_0514,cdc_0509,tvcc_0016,tvcc_0015,no,3.535174,11.000000,same-family nearest train ID distance <= 16,not_claimed,family numeric ID distance only,all pairs selected because cluster pair_count <= 10
fpc_0019,6,fp_0258,nframe,nframe_01097,data/images/nframe_01097.npy,1097,nframe_01091,data/images/nframe_01091.npy,1091,6,no,no,yes,no,cdc_0514,cdc_0509,tvcc_0016,tvcc_0015,no,3.501007,11.000000,same-family nearest train ID distance <= 16,not_claimed,family numeric ID distance only,all pairs selected because cluster pair_count <= 10
fpc_0020,1,fp_0116,nframe,nframe_01103,data/images/nframe_01103.npy,1103,nframe_01104,data/images/nframe_01104.npy,1104,1,no,no,yes,no,NA,cdc_0509,NA,tvcc_0015,no,2.934601,8.000000,same-family nearest train ID distance <= 16,not_claimed,family numeric ID distance only,first 10 pairs by ascending ID distance and lexical pair ID
fpc_0020,2,fp_0117,nframe,nframe_01105,data/images/nframe_01105.npy,1105,nframe_01104,data/images/nframe_01104.npy,1104,1,no,no,yes,no,NA,cdc_0509,NA,tvcc_0015,no,2.672830,8.000000,same-family nearest train ID distance <= 16,not_claimed,family numeric ID distance only,first 10 pairs by ascending ID distance and lexical pair ID
fpc_0020,3,fp_0172,nframe,nframe_01102,data/images/nframe_01102.npy,1102,nframe_01104,data/images/nframe_01104.npy,1104,2,no,no,yes,no,cdc_0514,cdc_0509,tvcc_0016,tvcc_0015,no,4.174357,11.000000,same-family nearest train ID distance <= 16,not_claimed,family numeric ID distance only,first 10 pairs by ascending ID distance and lexical pair ID
fpc_0020,4,fp_0173,nframe,nframe_01106,data/images/nframe_01106.npy,1106,nframe_01104,data/images/nframe_01104.npy,1104,2,no,no,yes,no,cdc_0515,cdc_0509,NA,tvcc_0015,no,3.660556,11.000000,same-family nearest train ID distance <= 16,not_claimed,family numeric ID distance only,first 10 pairs by ascending ID distance and lexical pair ID
fpc_0020,5,fp_0203,nframe,nframe_01101,data/images/nframe_01101.npy,1101,nframe_01104,data/images/nframe_01104.npy,1104,3,no,no,yes,no,cdc_0514,cdc_0509,tvcc_0016,tvcc_0015,no,4.035868,11.000000,same-family nearest train ID distance <= 16,not_claimed,family numeric ID distance only,first 10 pairs by ascending ID distance and lexical pair ID
fpc_0020,6,fp_0204,nframe,nframe_01107,data/images/nframe_01107.npy,1107,nframe_01104,data/images/nframe_01104.npy,1104,3,no,no,yes,no,cdc_0515,cdc_0509,NA,tvcc_0015,no,3.653785,11.000000,same-family nearest train ID distance <= 16,not_claimed,family numeric ID distance only,first 10 pairs by ascending ID distance and lexical pair ID
fpc_0020,7,fp_0224,nframe,nframe_01100,data/images/nframe_01100.npy,1100,nframe_01104,data/images/nframe_01104.npy,1104,4,no,no,yes,no,cdc_0514,cdc_0509,NA,tvcc_0015,no,4.032326,11.000000,same-family nearest train ID distance <= 16,not_claimed,family numeric ID distance only,first 10 pairs by ascending ID distance and lexical pair ID
fpc_0020,8,fp_0225,nframe,nframe_01108,data/images/nframe_01108.npy,1108,nframe_01104,data/images/nframe_01104.npy,1104,4,no,no,yes,no,NA,cdc_0509,NA,tvcc_0015,no,3.459618,10.000000,same-family nearest train ID distance <= 16,not_claimed,family numeric ID distance only,first 10 pairs by ascending ID distance and lexical pair ID
fpc_0020,9,fp_0242,nframe,nframe_01099,data/images/nframe_01099.npy,1099,nframe_01104,data/images/nframe_01104.npy,1104,5,no,no,yes,no,cdc_0514,cdc_0509,tvcc_0016,tvcc_0015,no,4.021493,11.000000,same-family nearest train ID distance <= 16,not_claimed,family numeric ID distance only,first 10 pairs by ascending ID distance and lexical pair ID
fpc_0020,10,fp_0243,nframe,nframe_01109,data/images/nframe_01109.npy,1109,nframe_01104,data/images/nframe_01104.npy,1104,5,no,no,yes,no,cdc_0516,cdc_0509,NA,tvcc_0015,no,3.123646,10.000000,same-family nearest train ID distance <= 16,not_claimed,family numeric ID distance only,first 10 pairs by ascending ID distance and lexical pair ID
fpc_0021,1,fp_0118,nframe,nframe_01118,data/images/nframe_01118.npy,1118,nframe_01119,data/images/nframe_01119.npy,1119,1,no,no,yes,no,NA,cdc_0509,NA,tvcc_0015,no,1.001892,3.000000,same-family nearest train ID distance <= 16,not_claimed,family numeric ID distance only,all pairs selected because cluster pair_count <= 10
fpc_0021,2,fp_0174,nframe,nframe_01117,data/images/nframe_01117.npy,1117,nframe_01119,data/images/nframe_01119.npy,1119,2,no,no,yes,no,cdc_0516,cdc_0509,NA,tvcc_0015,no,1.366962,5.000000,same-family nearest train ID distance <= 16,not_claimed,family numeric ID distance only,all pairs selected because cluster pair_count <= 10
fpc_0021,3,fp_0205,nframe,nframe_01116,data/images/nframe_01116.npy,1116,nframe_01119,data/images/nframe_01119.npy,1119,3,no,no,yes,no,cdc_0516,cdc_0509,NA,tvcc_0015,no,1.539514,5.000000,same-family nearest train ID distance <= 16,not_claimed,family numeric ID distance only,all pairs selected because cluster pair_count <= 10
fpc_0021,4,fp_0226,nframe,nframe_01115,data/images/nframe_01115.npy,1115,nframe_01119,data/images/nframe_01119.npy,1119,4,no,no,yes,no,cdc_0516,cdc_0509,NA,tvcc_0015,no,1.642569,6.000000,same-family nearest train ID distance <= 16,not_claimed,family numeric ID distance only,all pairs selected because cluster pair_count <= 10
fpc_0021,5,fp_0244,nframe,nframe_01114,data/images/nframe_01114.npy,1114,nframe_01119,data/images/nframe_01119.npy,1119,5,no,no,yes,no,NA,cdc_0509,NA,tvcc_0015,no,1.898229,7.000000,same-family nearest train ID distance <= 16,not_claimed,family numeric ID distance only,all pairs selected because cluster pair_count <= 10
fpc_0021,6,fp_0261,nframe,nframe_01113,data/images/nframe_01113.npy,1113,nframe_01119,data/images/nframe_01119.npy,1119,6,no,no,yes,no,cdc_0516,cdc_0509,NA,tvcc_0015,no,2.057778,8.000000,same-family nearest train ID distance <= 16,not_claimed,family numeric ID distance only,all pairs selected because cluster pair_count <= 10
fpc_0021,7,fp_0272,nframe,nframe_01112,data/images/nframe_01112.npy,1112,nframe_01119,data/images/nframe_01119.npy,1119,7,no,no,yes,no,cdc_0516,cdc_0509,NA,tvcc_0015,no,2.327917,9.000000,same-family nearest train ID distance <= 16,not_claimed,family numeric ID distance only,all pairs selected because cluster pair_count <= 10
fpc_0022,1,fp_0119,nframe,nframe_01121,data/images/nframe_01121.npy,1121,nframe_01120,data/images/nframe_01120.npy,1120,1,no,no,yes,no,cdc_0517,cdc_0509,NA,tvcc_0015,no,0.907014,3.000000,same-family nearest train ID distance <= 16,not_claimed,family numeric ID distance only,all pairs selected because cluster pair_count <= 10
fpc_0022,2,fp_0175,nframe,nframe_01122,data/images/nframe_01122.npy,1122,nframe_01120,data/images/nframe_01120.npy,1120,2,no,no,yes,no,NA,cdc_0509,NA,tvcc_0015,no,1.405521,5.000000,same-family nearest train ID distance <= 16,not_claimed,family numeric ID distance only,all pairs selected because cluster pair_count <= 10
fpc_0022,3,fp_0206,nframe,nframe_01123,data/images/nframe_01123.npy,1123,nframe_01120,data/images/nframe_01120.npy,1120,3,no,no,yes,no,cdc_0517,cdc_0509,NA,tvcc_0015,no,1.825972,7.000000,same-family nearest train ID distance <= 16,not_claimed,family numeric ID distance only,all pairs selected because cluster pair_count <= 10
fpc_0023,1,fp_0120,nframe,nframe_01125,data/images/nframe_01125.npy,1125,nframe_01126,data/images/nframe_01126.npy,1126,1,no,no,yes,no,cdc_0518,cdc_0509,NA,tvcc_0015,no,0.871927,3.000000,same-family nearest train ID distance <= 16,not_claimed,family numeric ID distance only,first 10 pairs by ascending ID distance and lexical pair ID
fpc_0023,2,fp_0121,nframe,nframe_01127,data/images/nframe_01127.npy,1127,nframe_01126,data/images/nframe_01126.npy,1126,1,no,no,yes,no,cdc_0519,cdc_0509,NA,tvcc_0015,no,1.376719,5.000000,same-family nearest train ID distance <= 16,not_claimed,family numeric ID distance only,first 10 pairs by ascending ID distance and lexical pair ID
fpc_0023,3,fp_0176,nframe,nframe_01124,data/images/nframe_01124.npy,1124,nframe_01126,data/images/nframe_01126.npy,1126,2,no,no,yes,no,cdc_0518,cdc_0509,NA,tvcc_0015,no,0.871927,3.000000,same-family nearest train ID distance <= 16,not_claimed,family numeric ID distance only,first 10 pairs by ascending ID distance and lexical pair ID
fpc_0023,4,fp_0177,nframe,nframe_01128,data/images/nframe_01128.npy,1128,nframe_01126,data/images/nframe_01126.npy,1126,2,no,no,yes,no,cdc_0519,cdc_0509,tvcc_0017,tvcc_0015,no,1.634566,6.000000,same-family nearest train ID distance <= 16,not_claimed,family numeric ID distance only,first 10 pairs by ascending ID distance and lexical pair ID
fpc_0023,5,fp_0207,nframe,nframe_01129,data/images/nframe_01129.npy,1129,nframe_01126,data/images/nframe_01126.npy,1126,3,no,no,yes,no,cdc_0519,cdc_0509,tvcc_0017,tvcc_0015,no,2.140851,8.000000,same-family nearest train ID distance <= 16,not_claimed,family numeric ID distance only,first 10 pairs by ascending ID distance and lexical pair ID
fpc_0023,6,fp_0227,nframe,nframe_01130,data/images/nframe_01130.npy,1130,nframe_01126,data/images/nframe_01126.npy,1126,4,no,no,yes,no,cdc_0519,cdc_0509,tvcc_0017,tvcc_0015,no,2.377743,9.000000,same-family nearest train ID distance <= 16,not_claimed,family numeric ID distance only,first 10 pairs by ascending ID distance and lexical pair ID
fpc_0023,7,fp_0245,nframe,nframe_01131,data/images/nframe_01131.npy,1131,nframe_01126,data/images/nframe_01126.npy,1126,5,no,no,yes,no,cdc_0519,cdc_0509,tvcc_0017,tvcc_0015,no,2.436111,9.000000,same-family nearest train ID distance <= 16,not_claimed,family numeric ID distance only,first 10 pairs by ascending ID distance and lexical pair ID
fpc_0023,8,fp_0262,nframe,nframe_01132,data/images/nframe_01132.npy,1132,nframe_01126,data/images/nframe_01126.npy,1126,6,no,no,yes,no,cdc_0519,cdc_0509,tvcc_0017,tvcc_0015,no,2.443924,9.000000,same-family nearest train ID distance <= 16,not_claimed,family numeric ID distance only,first 10 pairs by ascending ID distance and lexical pair ID
fpc_0023,9,fp_0273,nframe,nframe_01133,data/images/nframe_01133.npy,1133,nframe_01126,data/images/nframe_01126.npy,1126,7,no,no,yes,no,cdc_0519,cdc_0509,tvcc_0017,tvcc_0015,no,2.462674,9.000000,same-family nearest train ID distance <= 16,not_claimed,family numeric ID distance only,first 10 pairs by ascending ID distance and lexical pair ID
fpc_0023,10,fp_0282,nframe,nframe_01134,data/images/nframe_01134.npy,1134,nframe_01126,data/images/nframe_01126.npy,1126,8,no,no,yes,no,cdc_0519,cdc_0509,tvcc_0017,tvcc_0015,no,2.473507,10.000000,same-family nearest train ID distance <= 16,not_claimed,family numeric ID distance only,first 10 pairs by ascending ID distance and lexical pair ID
fpc_0024,1,fp_0122,nframe,nframe_01206,data/images/nframe_01206.npy,1206,nframe_01207,data/images/nframe_01207.npy,1207,1,no,no,yes,no,cdc_0519,cdc_0521,tvcc_0017,NA,no,1.237639,4.000000,same-family nearest train ID distance <= 16,not_claimed,family numeric ID distance only,first 10 pairs by ascending ID distance and lexical pair ID
fpc_0024,2,fp_0178,nframe,nframe_01205,data/images/nframe_01205.npy,1205,nframe_01207,data/images/nframe_01207.npy,1207,2,no,no,yes,no,cdc_0519,cdc_0521,tvcc_0017,NA,no,2.004132,7.000000,same-family nearest train ID distance <= 16,not_claimed,family numeric ID distance only,first 10 pairs by ascending ID distance and lexical pair ID
fpc_0024,3,fp_0208,nframe,nframe_01204,data/images/nframe_01204.npy,1204,nframe_01207,data/images/nframe_01207.npy,1207,3,no,no,yes,no,cdc_0519,cdc_0521,tvcc_0017,NA,no,2.405000,8.000000,same-family nearest train ID distance <= 16,not_claimed,family numeric ID distance only,first 10 pairs by ascending ID distance and lexical pair ID
fpc_0024,4,fp_0228,nframe,nframe_01203,data/images/nframe_01203.npy,1203,nframe_01207,data/images/nframe_01207.npy,1207,4,no,no,yes,no,cdc_0519,cdc_0521,tvcc_0017,NA,no,2.665729,9.000000,same-family nearest train ID distance <= 16,not_claimed,family numeric ID distance only,first 10 pairs by ascending ID distance and lexical pair ID
fpc_0024,5,fp_0246,nframe,nframe_01202,data/images/nframe_01202.npy,1202,nframe_01207,data/images/nframe_01207.npy,1207,5,no,no,yes,no,cdc_0519,cdc_0521,tvcc_0017,NA,no,2.812153,10.000000,same-family nearest train ID distance <= 16,not_claimed,family numeric ID distance only,first 10 pairs by ascending ID distance and lexical pair ID
fpc_0024,6,fp_0263,nframe,nframe_01201,data/images/nframe_01201.npy,1201,nframe_01207,data/images/nframe_01207.npy,1207,6,no,no,yes,no,cdc_0519,cdc_0521,tvcc_0017,NA,no,2.932205,10.000000,same-family nearest train ID distance <= 16,not_claimed,family numeric ID distance only,first 10 pairs by ascending ID distance and lexical pair ID
fpc_0024,7,fp_0274,nframe,nframe_01200,data/images/nframe_01200.npy,1200,nframe_01207,data/images/nframe_01207.npy,1207,7,no,no,yes,no,cdc_0519,cdc_0521,tvcc_0017,NA,no,3.072882,10.000000,same-family nearest train ID distance <= 16,not_claimed,family numeric ID distance only,first 10 pairs by ascending ID distance and lexical pair ID
fpc_0024,8,fp_0283,nframe,nframe_01199,data/images/nframe_01199.npy,1199,nframe_01207,data/images/nframe_01207.npy,1207,8,no,no,yes,no,cdc_0519,cdc_0521,tvcc_0017,NA,no,3.072882,10.000000,same-family nearest train ID distance <= 16,not_claimed,family numeric ID distance only,first 10 pairs by ascending ID distance and lexical pair ID
fpc_0024,9,fp_0290,nframe,nframe_01198,data/images/nframe_01198.npy,1198,nframe_01207,data/images/nframe_01207.npy,1207,9,no,no,yes,no,cdc_0519,cdc_0521,tvcc_0017,NA,no,3.162135,11.000000,same-family nearest train ID distance <= 16,not_claimed,family numeric ID distance only,first 10 pairs by ascending ID distance and lexical pair ID
fpc_0024,10,fp_0297,nframe,nframe_01197,data/images/nframe_01197.npy,1197,nframe_01207,data/images/nframe_01207.npy,1207,10,no,no,yes,no,cdc_0519,cdc_0521,tvcc_0017,NA,no,3.147847,11.000000,same-family nearest train ID distance <= 16,not_claimed,family numeric ID distance only,first 10 pairs by ascending ID distance and lexical pair ID
fpc_0025,1,fp_0123,nframe,nframe_01266,data/images/nframe_01266.npy,1266,nframe_01265,data/images/nframe_01265.npy,1265,1,no,no,yes,no,cdc_0531,cdc_0530,tvcc_0019,NA,no,1.021910,4.000000,same-family nearest train ID distance <= 16,not_claimed,family numeric ID distance only,all pairs selected because cluster pair_count <= 10
fpc_0026,1,fp_0124,nframe,nframe_01267,data/images/nframe_01267.npy,1267,nframe_01268,data/images/nframe_01268.npy,1268,1,no,no,no,yes,cdc_0531,NA,NA,NA,no,0.489566,2.000000,same-family nearest train ID distance <= 16,not_claimed,family numeric ID distance only,all pairs selected because cluster pair_count <= 10
fpc_0027,1,fp_0125,nframe,nframe_02449,data/images/nframe_02449.npy,2449,nframe_02450,data/images/nframe_02450.npy,2450,1,no,no,yes,no,cdc_0713,NA,tvcc_0022,NA,no,2.730521,14.000000,same-family nearest train ID distance <= 16,not_claimed,family numeric ID distance only,all pairs selected because cluster pair_count <= 10
fpc_0027,2,fp_0179,nframe,nframe_02448,data/images/nframe_02448.npy,2448,nframe_02450,data/images/nframe_02450.npy,2450,2,no,no,yes,no,cdc_0712,NA,tvcc_0021,NA,no,4.106753,23.000000,same-family nearest train ID distance <= 16,not_claimed,family numeric ID distance only,all pairs selected because cluster pair_count <= 10
fpc_0028,1,fp_0126,nframe,nframe_02528,data/images/nframe_02528.npy,2528,nframe_02527,data/images/nframe_02527.npy,2527,1,no,no,no,yes,cdc_0514,cdc_0727,NA,NA,no,0.765278,2.000000,same-family nearest train ID distance <= 16,not_claimed,family numeric ID distance only,all pairs selected because cluster pair_count <= 10
fpc_0029,1,fp_0127,nframe,nframe_02529,data/images/nframe_02529.npy,2529,nframe_02530,data/images/nframe_02530.npy,2530,1,no,no,yes,no,cdc_0514,NA,tvcc_0016,NA,no,0.864514,2.000000,same-family nearest train ID distance <= 16,not_claimed,family numeric ID distance only,all pairs selected because cluster pair_count <= 10
fpc_0029,2,fp_0128,nframe,nframe_02531,data/images/nframe_02531.npy,2531,nframe_02530,data/images/nframe_02530.npy,2530,1,no,no,yes,no,cdc_0514,NA,tvcc_0016,NA,no,1.151389,3.000000,same-family nearest train ID distance <= 16,not_claimed,family numeric ID distance only,all pairs selected because cluster pair_count <= 10
fpc_0029,3,fp_0180,nframe,nframe_02532,data/images/nframe_02532.npy,2532,nframe_02530,data/images/nframe_02530.npy,2530,2,no,no,yes,no,cdc_0514,NA,tvcc_0016,NA,no,1.321754,4.000000,same-family nearest train ID distance <= 16,not_claimed,family numeric ID distance only,all pairs selected because cluster pair_count <= 10
fpc_0029,4,fp_0209,nframe,nframe_02533,data/images/nframe_02533.npy,2533,nframe_02530,data/images/nframe_02530.npy,2530,3,no,no,yes,no,cdc_0514,NA,tvcc_0016,NA,no,1.397135,4.000000,same-family nearest train ID distance <= 16,not_claimed,family numeric ID distance only,all pairs selected because cluster pair_count <= 10
fpc_0029,5,fp_0229,nframe,nframe_02534,data/images/nframe_02534.npy,2534,nframe_02530,data/images/nframe_02530.npy,2530,4,no,no,yes,no,cdc_0514,NA,tvcc_0016,NA,no,1.395104,4.000000,same-family nearest train ID distance <= 16,not_claimed,family numeric ID distance only,all pairs selected because cluster pair_count <= 10
fpc_0029,6,fp_0247,nframe,nframe_02535,data/images/nframe_02535.npy,2535,nframe_02530,data/images/nframe_02530.npy,2530,5,no,no,yes,no,cdc_0514,NA,tvcc_0016,NA,no,1.413733,4.000000,same-family nearest train ID distance <= 16,not_claimed,family numeric ID distance only,all pairs selected because cluster pair_count <= 10
fpc_0030,1,fp_0129,nframe,nframe_02540,data/images/nframe_02540.npy,2540,nframe_02541,data/images/nframe_02541.npy,2541,1,no,no,yes,no,cdc_0514,cdc_0728,tvcc_0016,NA,no,1.138715,3.000000,same-family nearest train ID distance <= 16,not_claimed,family numeric ID distance only,all pairs selected because cluster pair_count <= 10
fpc_0030,2,fp_0181,nframe,nframe_02539,data/images/nframe_02539.npy,2539,nframe_02541,data/images/nframe_02541.npy,2541,2,no,no,yes,no,cdc_0514,cdc_0728,tvcc_0016,NA,no,1.820712,5.000000,same-family nearest train ID distance <= 16,not_claimed,family numeric ID distance only,all pairs selected because cluster pair_count <= 10
fpc_0030,3,fp_0210,nframe,nframe_02538,data/images/nframe_02538.npy,2538,nframe_02541,data/images/nframe_02541.npy,2541,3,no,no,yes,no,cdc_0514,cdc_0728,tvcc_0016,NA,no,2.055260,7.000000,same-family nearest train ID distance <= 16,not_claimed,family numeric ID distance only,all pairs selected because cluster pair_count <= 10
fpc_0030,4,fp_0230,nframe,nframe_02537,data/images/nframe_02537.npy,2537,nframe_02541,data/images/nframe_02541.npy,2541,4,no,no,yes,no,cdc_0514,cdc_0728,tvcc_0016,NA,no,2.142465,7.000000,same-family nearest train ID distance <= 16,not_claimed,family numeric ID distance only,all pairs selected because cluster pair_count <= 10
fpc_0030,5,fp_0248,nframe,nframe_02536,data/images/nframe_02536.npy,2536,nframe_02541,data/images/nframe_02541.npy,2541,5,no,no,yes,no,cdc_0514,cdc_0728,tvcc_0016,NA,no,2.142465,7.000000,same-family nearest train ID distance <= 16,not_claimed,family numeric ID distance only,all pairs selected because cluster pair_count <= 10
fpc_0031,1,fp_0130,nframe,nframe_02550,data/images/nframe_02550.npy,2550,nframe_02549,data/images/nframe_02549.npy,2549,1,no,no,no,yes,cdc_0520,cdc_0729,NA,NA,no,1.045052,3.000000,same-family nearest train ID distance <= 16,not_claimed,family numeric ID distance only,all pairs selected because cluster pair_count <= 10
fpc_0031,2,fp_0182,nframe,nframe_02551,data/images/nframe_02551.npy,2551,nframe_02549,data/images/nframe_02549.npy,2549,2,no,no,no,yes,cdc_0520,cdc_0729,NA,NA,no,1.444045,4.000000,same-family nearest train ID distance <= 16,not_claimed,family numeric ID distance only,all pairs selected because cluster pair_count <= 10
fpc_0031,3,fp_0211,nframe,nframe_02552,data/images/nframe_02552.npy,2552,nframe_02549,data/images/nframe_02549.npy,2549,3,no,no,yes,no,cdc_0520,cdc_0729,tvcc_0018,NA,no,1.523490,4.050000,same-family nearest train ID distance <= 16,not_claimed,family numeric ID distance only,all pairs selected because cluster pair_count <= 10
fpc_0031,4,fp_0231,nframe,nframe_02553,data/images/nframe_02553.npy,2553,nframe_02549,data/images/nframe_02549.npy,2549,4,no,no,yes,no,cdc_0520,cdc_0729,tvcc_0018,NA,no,1.523490,4.050000,same-family nearest train ID distance <= 16,not_claimed,family numeric ID distance only,all pairs selected because cluster pair_count <= 10
fpc_0031,5,fp_0249,nframe,nframe_02554,data/images/nframe_02554.npy,2554,nframe_02549,data/images/nframe_02549.npy,2549,5,no,no,no,yes,cdc_0520,cdc_0729,NA,NA,no,1.640035,5.000000,same-family nearest train ID distance <= 16,not_claimed,family numeric ID distance only,all pairs selected because cluster pair_count <= 10
fpc_0032,1,fp_0131,nframe,nframe_02558,data/images/nframe_02558.npy,2558,nframe_02559,data/images/nframe_02559.npy,2559,1,no,no,no,yes,cdc_0520,NA,NA,NA,no,1.129323,3.000000,same-family nearest train ID distance <= 16,not_claimed,family numeric ID distance only,all pairs selected because cluster pair_count <= 10
fpc_0032,2,fp_0183,nframe,nframe_02557,data/images/nframe_02557.npy,2557,nframe_02559,data/images/nframe_02559.npy,2559,2,no,no,no,yes,cdc_0520,NA,NA,NA,no,1.161111,3.000000,same-family nearest train ID distance <= 16,not_claimed,family numeric ID distance only,all pairs selected because cluster pair_count <= 10
fpc_0032,3,fp_0212,nframe,nframe_02556,data/images/nframe_02556.npy,2556,nframe_02559,data/images/nframe_02559.npy,2559,3,no,no,no,yes,cdc_0520,NA,NA,NA,no,1.259410,3.000000,same-family nearest train ID distance <= 16,not_claimed,family numeric ID distance only,all pairs selected because cluster pair_count <= 10
fpc_0032,4,fp_0232,nframe,nframe_02555,data/images/nframe_02555.npy,2555,nframe_02559,data/images/nframe_02559.npy,2559,4,no,no,no,yes,cdc_0520,NA,NA,NA,no,1.534045,4.000000,same-family nearest train ID distance <= 16,not_claimed,family numeric ID distance only,all pairs selected because cluster pair_count <= 10
fpc_0033,1,fp_0132,nframe,nframe_02768,data/images/nframe_02768.npy,2768,nframe_02769,data/images/nframe_02769.npy,2769,1,no,no,yes,no,cdc_0762,cdc_0763,tvcc_0023,NA,no,3.702882,17.000000,same-family nearest train ID distance <= 16,not_claimed,family numeric ID distance only,all pairs selected because cluster pair_count <= 10
fpc_0034,1,fp_0133,nframe,nframe_03331,data/images/nframe_03331.npy,3331,nframe_03332,data/images/nframe_03332.npy,3332,1,no,no,yes,no,cdc_0803,NA,tvcc_0024,NA,no,4.946267,18.000000,same-family nearest train ID distance <= 16,not_claimed,family numeric ID distance only,all pairs selected because cluster pair_count <= 10
fpc_0035,1,fp_0134,nframe,nframe_03390,data/images/nframe_03390.npy,3390,nframe_03389,data/images/nframe_03389.npy,3389,1,no,no,no,yes,cdc_0803,cdc_0805,NA,NA,no,3.447378,10.000000,same-family nearest train ID distance <= 16,not_claimed,family numeric ID distance only,all pairs selected because cluster pair_count <= 10
fpc_0035,2,fp_0184,nframe,nframe_03391,data/images/nframe_03391.npy,3391,nframe_03389,data/images/nframe_03389.npy,3389,2,no,no,yes,no,cdc_0803,cdc_0805,tvcc_0026,NA,no,6.401701,22.000000,same-family nearest train ID distance <= 16,not_claimed,family numeric ID distance only,all pairs selected because cluster pair_count <= 10
fpc_0036,1,fp_0135,nframe,nframe_03393,data/images/nframe_03393.npy,3393,nframe_03394,data/images/nframe_03394.npy,3394,1,no,no,no,yes,cdc_0803,cdc_0806,NA,NA,no,4.745538,16.000000,same-family nearest train ID distance <= 16,not_claimed,family numeric ID distance only,all pairs selected because cluster pair_count <= 10
fpc_0036,2,fp_0185,nframe,nframe_03392,data/images/nframe_03392.npy,3392,nframe_03394,data/images/nframe_03394.npy,3394,2,no,no,yes,no,cdc_0803,cdc_0806,tvcc_0024,NA,no,6.282604,23.000000,same-family nearest train ID distance <= 16,not_claimed,family numeric ID distance only,all pairs selected because cluster pair_count <= 10
fpc_0037,1,fp_0136,nframe,nframe_03396,data/images/nframe_03396.npy,3396,nframe_03395,data/images/nframe_03395.npy,3395,1,no,no,no,yes,cdc_0803,cdc_0806,NA,NA,no,7.006233,25.000000,same-family nearest train ID distance <= 16,not_claimed,family numeric ID distance only,all pairs selected because cluster pair_count <= 10
fpc_0038,1,fp_0137,nframe,nframe_03398,data/images/nframe_03398.npy,3398,nframe_03397,data/images/nframe_03397.npy,3397,1,no,no,yes,no,cdc_0803,NA,tvcc_0024,NA,no,7.995729,28.000000,same-family nearest train ID distance <= 16,not_claimed,family numeric ID distance only,all pairs selected because cluster pair_count <= 10
fpc_0039,1,fp_0138,nframe,nframe_03400,data/images/nframe_03400.npy,3400,nframe_03399,data/images/nframe_03399.npy,3399,1,no,no,no,yes,cdc_0803,NA,NA,NA,no,4.565746,14.000000,same-family nearest train ID distance <= 16,not_claimed,family numeric ID distance only,all pairs selected because cluster pair_count <= 10
fpc_0039,2,fp_0186,nframe,nframe_03401,data/images/nframe_03401.npy,3401,nframe_03399,data/images/nframe_03399.npy,3399,2,no,no,no,yes,cdc_0803,NA,NA,NA,no,4.565746,14.000000,same-family nearest train ID distance <= 16,not_claimed,family numeric ID distance only,all pairs selected because cluster pair_count <= 10
fpc_0039,3,fp_0213,nframe,nframe_03402,data/images/nframe_03402.npy,3402,nframe_03399,data/images/nframe_03399.npy,3399,3,no,no,no,yes,cdc_0803,NA,NA,NA,no,8.502673,29.000000,same-family nearest train ID distance <= 16,not_claimed,family numeric ID distance only,all pairs selected because cluster pair_count <= 10
fpc_0040,1,fp_0139,nframe,nframe_03405,data/images/nframe_03405.npy,3405,nframe_03406,data/images/nframe_03406.npy,3406,1,no,no,no,yes,cdc_0803,NA,NA,NA,no,7.995070,28.000000,same-family nearest train ID distance <= 16,not_claimed,family numeric ID distance only,all pairs selected because cluster pair_count <= 10
fpc_0040,2,fp_0187,nframe,nframe_03404,data/images/nframe_03404.npy,3404,nframe_03406,data/images/nframe_03406.npy,3406,2,no,no,no,yes,cdc_0803,NA,NA,NA,no,12.232621,41.000000,same-family nearest train ID distance <= 16,not_claimed,family numeric ID distance only,all pairs selected because cluster pair_count <= 10
fpc_0040,3,fp_0214,nframe,nframe_03403,data/images/nframe_03403.npy,3403,nframe_03406,data/images/nframe_03406.npy,3406,3,no,no,no,yes,cdc_0803,NA,NA,NA,no,16.320799,54.000000,same-family nearest train ID distance <= 16,not_claimed,family numeric ID distance only,all pairs selected because cluster pair_count <= 10
fpc_0041,1,fp_0140,nframe,nframe_03410,data/images/nframe_03410.npy,3410,nframe_03409,data/images/nframe_03409.npy,3409,1,no,no,no,yes,cdc_0803,cdc_0807,NA,NA,no,8.035330,30.000000,same-family nearest train ID distance <= 16,not_claimed,family numeric ID distance only,all pairs selected because cluster pair_count <= 10
fpc_0041,2,fp_0188,nframe,nframe_03411,data/images/nframe_03411.npy,3411,nframe_03409,data/images/nframe_03409.npy,3409,2,no,no,yes,no,cdc_0803,cdc_0807,tvcc_0024,NA,no,8.964687,35.000000,same-family nearest train ID distance <= 16,not_claimed,family numeric ID distance only,all pairs selected because cluster pair_count <= 10
fpc_0042,1,fp_0141,nframe,nframe_03412,data/images/nframe_03412.npy,3412,nframe_03413,data/images/nframe_03413.npy,3413,1,no,no,no,yes,cdc_0803,NA,NA,NA,no,5.969306,22.000000,same-family nearest train ID distance <= 16,not_claimed,family numeric ID distance only,all pairs selected because cluster pair_count <= 10
fpc_0043,1,fp_0142,nframe,nframe_03421,data/images/nframe_03421.npy,3421,nframe_03420,data/images/nframe_03420.npy,3420,1,no,no,yes,no,cdc_0803,NA,tvcc_0024,NA,no,7.709566,30.000000,same-family nearest train ID distance <= 16,not_claimed,family numeric ID distance only,first 10 pairs by ascending ID distance and lexical pair ID
fpc_0043,2,fp_0189,nframe,nframe_03422,data/images/nframe_03422.npy,3422,nframe_03420,data/images/nframe_03420.npy,3420,2,no,no,yes,no,cdc_0803,NA,tvcc_0024,NA,no,7.762431,30.000000,same-family nearest train ID distance <= 16,not_claimed,family numeric ID distance only,first 10 pairs by ascending ID distance and lexical pair ID
fpc_0043,3,fp_0215,nframe,nframe_03423,data/images/nframe_03423.npy,3423,nframe_03420,data/images/nframe_03420.npy,3420,3,no,no,yes,no,cdc_0803,NA,tvcc_0024,NA,no,8.002431,30.000000,same-family nearest train ID distance <= 16,not_claimed,family numeric ID distance only,first 10 pairs by ascending ID distance and lexical pair ID
fpc_0043,4,fp_0233,nframe,nframe_03424,data/images/nframe_03424.npy,3424,nframe_03420,data/images/nframe_03420.npy,3420,4,no,no,yes,no,cdc_0803,NA,tvcc_0024,NA,no,8.928820,33.000000,same-family nearest train ID distance <= 16,not_claimed,family numeric ID distance only,first 10 pairs by ascending ID distance and lexical pair ID
fpc_0043,5,fp_0250,nframe,nframe_03425,data/images/nframe_03425.npy,3425,nframe_03420,data/images/nframe_03420.npy,3420,5,no,no,yes,no,cdc_0803,NA,tvcc_0024,NA,no,10.462344,37.000000,same-family nearest train ID distance <= 16,not_claimed,family numeric ID distance only,first 10 pairs by ascending ID distance and lexical pair ID
fpc_0043,6,fp_0264,nframe,nframe_03426,data/images/nframe_03426.npy,3426,nframe_03420,data/images/nframe_03420.npy,3420,6,no,no,no,yes,cdc_0803,NA,NA,NA,no,11.034184,38.000000,same-family nearest train ID distance <= 16,not_claimed,family numeric ID distance only,first 10 pairs by ascending ID distance and lexical pair ID
fpc_0043,7,fp_0275,nframe,nframe_03427,data/images/nframe_03427.npy,3427,nframe_03420,data/images/nframe_03420.npy,3420,7,no,no,no,yes,cdc_0803,NA,NA,NA,no,10.954496,38.000000,same-family nearest train ID distance <= 16,not_claimed,family numeric ID distance only,first 10 pairs by ascending ID distance and lexical pair ID
fpc_0043,8,fp_0284,nframe,nframe_03428,data/images/nframe_03428.npy,3428,nframe_03420,data/images/nframe_03420.npy,3420,8,no,no,no,yes,cdc_0803,NA,NA,NA,no,11.013473,38.000000,same-family nearest train ID distance <= 16,not_claimed,family numeric ID distance only,first 10 pairs by ascending ID distance and lexical pair ID
fpc_0043,9,fp_0291,nframe,nframe_03429,data/images/nframe_03429.npy,3429,nframe_03420,data/images/nframe_03420.npy,3420,9,no,no,yes,no,cdc_0803,NA,tvcc_0024,NA,no,10.297309,37.000000,same-family nearest train ID distance <= 16,not_claimed,family numeric ID distance only,first 10 pairs by ascending ID distance and lexical pair ID
fpc_0043,10,fp_0298,nframe,nframe_03430,data/images/nframe_03430.npy,3430,nframe_03420,data/images/nframe_03420.npy,3420,10,no,no,yes,no,cdc_0803,NA,tvcc_0024,NA,no,10.086979,37.000000,same-family nearest train ID distance <= 16,not_claimed,family numeric ID distance only,first 10 pairs by ascending ID distance and lexical pair ID
fpc_0044,1,fp_0143,nframe,nframe_03486,data/images/nframe_03486.npy,3486,nframe_03487,data/images/nframe_03487.npy,3487,1,no,no,yes,no,cdc_0812,cdc_0797,NA,tvcc_0025,no,3.348299,13.000000,same-family nearest train ID distance <= 16,not_claimed,family numeric ID distance only,first 10 pairs by ascending ID distance and lexical pair ID
fpc_0044,2,fp_0190,nframe,nframe_03485,data/images/nframe_03485.npy,3485,nframe_03487,data/images/nframe_03487.npy,3487,2,no,no,yes,no,cdc_0812,cdc_0797,NA,tvcc_0025,no,4.548403,19.000000,same-family nearest train ID distance <= 16,not_claimed,family numeric ID distance only,first 10 pairs by ascending ID distance and lexical pair ID
fpc_0044,3,fp_0216,nframe,nframe_03484,data/images/nframe_03484.npy,3484,nframe_03487,data/images/nframe_03487.npy,3487,3,no,no,yes,no,cdc_0812,cdc_0797,NA,tvcc_0025,no,4.826458,20.000000,same-family nearest train ID distance <= 16,not_claimed,family numeric ID distance only,first 10 pairs by ascending ID distance and lexical pair ID
fpc_0044,4,fp_0234,nframe,nframe_03483,data/images/nframe_03483.npy,3483,nframe_03487,data/images/nframe_03487.npy,3487,4,no,no,yes,no,cdc_0812,cdc_0797,NA,tvcc_0025,no,5.220643,22.000000,same-family nearest train ID distance <= 16,not_claimed,family numeric ID distance only,first 10 pairs by ascending ID distance and lexical pair ID
fpc_0044,5,fp_0251,nframe,nframe_03482,data/images/nframe_03482.npy,3482,nframe_03487,data/images/nframe_03487.npy,3487,5,no,no,yes,no,cdc_0810,cdc_0797,NA,tvcc_0025,no,6.361719,27.000000,same-family nearest train ID distance <= 16,not_claimed,family numeric ID distance only,first 10 pairs by ascending ID distance and lexical pair ID
fpc_0044,6,fp_0265,nframe,nframe_03481,data/images/nframe_03481.npy,3481,nframe_03487,data/images/nframe_03487.npy,3487,6,no,no,yes,no,cdc_0803,cdc_0797,tvcc_0024,tvcc_0025,no,7.313472,30.000000,same-family nearest train ID distance <= 16,not_claimed,family numeric ID distance only,first 10 pairs by ascending ID distance and lexical pair ID
fpc_0044,7,fp_0276,nframe,nframe_03480,data/images/nframe_03480.npy,3480,nframe_03487,data/images/nframe_03487.npy,3487,7,no,no,yes,no,cdc_0803,cdc_0797,tvcc_0024,tvcc_0025,no,7.725243,30.000000,same-family nearest train ID distance <= 16,not_claimed,family numeric ID distance only,first 10 pairs by ascending ID distance and lexical pair ID
fpc_0044,8,fp_0285,nframe,nframe_03479,data/images/nframe_03479.npy,3479,nframe_03487,data/images/nframe_03487.npy,3487,8,no,no,yes,no,cdc_0803,cdc_0797,tvcc_0024,tvcc_0025,no,7.821389,30.000000,same-family nearest train ID distance <= 16,not_claimed,family numeric ID distance only,first 10 pairs by ascending ID distance and lexical pair ID
fpc_0044,9,fp_0292,nframe,nframe_03478,data/images/nframe_03478.npy,3478,nframe_03487,data/images/nframe_03487.npy,3487,9,no,no,yes,no,cdc_0803,cdc_0797,tvcc_0024,tvcc_0025,no,7.821389,30.000000,same-family nearest train ID distance <= 16,not_claimed,family numeric ID distance only,first 10 pairs by ascending ID distance and lexical pair ID
fpc_0044,10,fp_0299,nframe,nframe_03477,data/images/nframe_03477.npy,3477,nframe_03487,data/images/nframe_03487.npy,3487,10,no,no,yes,no,cdc_0803,cdc_0797,tvcc_0024,tvcc_0025,no,7.362813,29.000000,same-family nearest train ID distance <= 16,not_claimed,family numeric ID distance only,first 10 pairs by ascending ID distance and lexical pair ID
fpc_0045,1,fp_0144,nframe,nframe_03490,data/images/nframe_03490.npy,3490,nframe_03489,data/images/nframe_03489.npy,3489,1,no,no,yes,no,cdc_0813,cdc_0797,NA,tvcc_0027,no,4.513525,19.000000,same-family nearest train ID distance <= 16,not_claimed,family numeric ID distance only,first 10 pairs by ascending ID distance and lexical pair ID
fpc_0045,2,fp_0191,nframe,nframe_03491,data/images/nframe_03491.npy,3491,nframe_03489,data/images/nframe_03489.npy,3489,2,no,no,yes,no,cdc_0813,cdc_0797,NA,tvcc_0027,no,4.513525,19.000000,same-family nearest train ID distance <= 16,not_claimed,family numeric ID distance only,first 10 pairs by ascending ID distance and lexical pair ID
fpc_0045,3,fp_0217,nframe,nframe_03492,data/images/nframe_03492.npy,3492,nframe_03489,data/images/nframe_03489.npy,3489,3,no,no,yes,no,cdc_0803,cdc_0797,NA,tvcc_0027,no,6.365503,27.000000,same-family nearest train ID distance <= 16,not_claimed,family numeric ID distance only,first 10 pairs by ascending ID distance and lexical pair ID
fpc_0045,4,fp_0235,nframe,nframe_03493,data/images/nframe_03493.npy,3493,nframe_03489,data/images/nframe_03489.npy,3489,4,no,no,yes,no,cdc_0803,cdc_0797,NA,tvcc_0027,no,6.617778,28.000000,same-family nearest train ID distance <= 16,not_claimed,family numeric ID distance only,first 10 pairs by ascending ID distance and lexical pair ID
fpc_0045,5,fp_0252,nframe,nframe_03494,data/images/nframe_03494.npy,3494,nframe_03489,data/images/nframe_03489.npy,3489,5,no,no,yes,no,cdc_0803,cdc_0797,NA,tvcc_0027,no,6.097552,26.000000,same-family nearest train ID distance <= 16,not_claimed,family numeric ID distance only,first 10 pairs by ascending ID distance and lexical pair ID
fpc_0045,6,fp_0266,nframe,nframe_03495,data/images/nframe_03495.npy,3495,nframe_03489,data/images/nframe_03489.npy,3489,6,no,no,yes,no,cdc_0803,cdc_0797,NA,tvcc_0027,no,5.916406,25.000000,same-family nearest train ID distance <= 16,not_claimed,family numeric ID distance only,first 10 pairs by ascending ID distance and lexical pair ID
fpc_0045,7,fp_0277,nframe,nframe_03496,data/images/nframe_03496.npy,3496,nframe_03489,data/images/nframe_03489.npy,3489,7,no,no,yes,no,cdc_0803,cdc_0797,NA,tvcc_0027,no,6.744549,28.000000,same-family nearest train ID distance <= 16,not_claimed,family numeric ID distance only,first 10 pairs by ascending ID distance and lexical pair ID
fpc_0045,8,fp_0286,nframe,nframe_03497,data/images/nframe_03497.npy,3497,nframe_03489,data/images/nframe_03489.npy,3489,8,no,no,yes,no,cdc_0803,cdc_0797,tvcc_0024,tvcc_0027,no,7.800364,31.000000,same-family nearest train ID distance <= 16,not_claimed,family numeric ID distance only,first 10 pairs by ascending ID distance and lexical pair ID
fpc_0045,9,fp_0293,nframe,nframe_03498,data/images/nframe_03498.npy,3498,nframe_03489,data/images/nframe_03489.npy,3489,9,no,no,yes,no,cdc_0803,cdc_0797,tvcc_0024,tvcc_0027,no,7.266580,29.000000,same-family nearest train ID distance <= 16,not_claimed,family numeric ID distance only,first 10 pairs by ascending ID distance and lexical pair ID
fpc_0045,10,fp_0300,nframe,nframe_03499,data/images/nframe_03499.npy,3499,nframe_03489,data/images/nframe_03489.npy,3489,10,no,no,yes,no,cdc_0803,cdc_0797,NA,tvcc_0027,no,6.664392,28.000000,same-family nearest train ID distance <= 16,not_claimed,family numeric ID distance only,first 10 pairs by ascending ID distance and lexical pair ID
fpc_0046,1,fp_0145,nframe,nframe_04426,data/images/nframe_04426.npy,4426,nframe_04425,data/images/nframe_04425.npy,4425,1,no,no,yes,no,cdc_0854,NA,tvcc_0028,NA,no,4.103819,15.000000,same-family nearest train ID distance <= 16,not_claimed,family numeric ID distance only,all pairs selected because cluster pair_count <= 10
fpc_0047,1,fp_0146,nframe,nframe_04760,data/images/nframe_04760.npy,4760,nframe_04761,data/images/nframe_04761.npy,4761,1,no,no,no,yes,NA,cdc_0509,NA,NA,no,3.688177,17.000000,same-family nearest train ID distance <= 16,not_claimed,family numeric ID distance only,first 10 pairs by ascending ID distance and lexical pair ID
fpc_0047,2,fp_0192,nframe,nframe_04759,data/images/nframe_04759.npy,4759,nframe_04761,data/images/nframe_04761.npy,4761,2,no,no,no,yes,NA,cdc_0509,NA,NA,no,5.962222,28.000000,same-family nearest train ID distance <= 16,not_claimed,family numeric ID distance only,first 10 pairs by ascending ID distance and lexical pair ID
fpc_0047,3,fp_0218,nframe,nframe_04758,data/images/nframe_04758.npy,4758,nframe_04761,data/images/nframe_04761.npy,4761,3,no,no,no,yes,NA,cdc_0509,NA,NA,no,8.912535,41.000000,same-family nearest train ID distance <= 16,not_claimed,family numeric ID distance only,first 10 pairs by ascending ID distance and lexical pair ID
fpc_0047,4,fp_0236,nframe,nframe_04757,data/images/nframe_04757.npy,4757,nframe_04761,data/images/nframe_04761.npy,4761,4,no,no,no,yes,cdc_0945,cdc_0509,NA,NA,no,9.738576,43.000000,same-family nearest train ID distance <= 16,not_claimed,family numeric ID distance only,first 10 pairs by ascending ID distance and lexical pair ID
fpc_0047,5,fp_0253,nframe,nframe_04756,data/images/nframe_04756.npy,4756,nframe_04761,data/images/nframe_04761.npy,4761,5,no,no,no,yes,cdc_0945,cdc_0509,NA,NA,no,10.380694,46.000000,same-family nearest train ID distance <= 16,not_claimed,family numeric ID distance only,first 10 pairs by ascending ID distance and lexical pair ID
fpc_0047,6,fp_0267,nframe,nframe_04755,data/images/nframe_04755.npy,4755,nframe_04761,data/images/nframe_04761.npy,4761,6,no,no,no,yes,cdc_0945,cdc_0509,NA,NA,no,10.732604,48.000000,same-family nearest train ID distance <= 16,not_claimed,family numeric ID distance only,first 10 pairs by ascending ID distance and lexical pair ID
fpc_0047,7,fp_0278,nframe,nframe_04754,data/images/nframe_04754.npy,4754,nframe_04761,data/images/nframe_04761.npy,4761,7,no,no,no,yes,cdc_0945,cdc_0509,NA,NA,no,10.732604,48.000000,same-family nearest train ID distance <= 16,not_claimed,family numeric ID distance only,first 10 pairs by ascending ID distance and lexical pair ID
fpc_0047,8,fp_0287,nframe,nframe_04753,data/images/nframe_04753.npy,4753,nframe_04761,data/images/nframe_04761.npy,4761,8,no,no,no,yes,cdc_0945,cdc_0509,NA,NA,no,11.085400,51.000000,same-family nearest train ID distance <= 16,not_claimed,family numeric ID distance only,first 10 pairs by ascending ID distance and lexical pair ID
fpc_0047,9,fp_0294,nframe,nframe_04752,data/images/nframe_04752.npy,4752,nframe_04761,data/images/nframe_04761.npy,4761,9,no,no,no,yes,NA,cdc_0509,NA,NA,no,13.178837,61.000000,same-family nearest train ID distance <= 16,not_claimed,family numeric ID distance only,first 10 pairs by ascending ID distance and lexical pair ID
fpc_0047,10,fp_0301,nframe,nframe_04751,data/images/nframe_04751.npy,4751,nframe_04761,data/images/nframe_04761.npy,4761,10,no,no,no,yes,NA,cdc_0509,NA,NA,no,14.133820,64.000000,same-family nearest train ID distance <= 16,not_claimed,family numeric ID distance only,first 10 pairs by ascending ID distance and lexical pair ID
fpc_0048,1,fp_0147,nframe,nframe_04764,data/images/nframe_04764.npy,4764,nframe_04763,data/images/nframe_04763.npy,4763,1,no,no,yes,no,cdc_0946,cdc_0509,tvcc_0029,tvcc_0013,no,3.293038,16.000000,same-family nearest train ID distance <= 16,not_claimed,family numeric ID distance only,first 10 pairs by ascending ID distance and lexical pair ID
fpc_0048,2,fp_0193,nframe,nframe_04765,data/images/nframe_04765.npy,4765,nframe_04763,data/images/nframe_04763.npy,4763,2,no,no,yes,no,cdc_0946,cdc_0509,tvcc_0029,tvcc_0013,no,3.293038,16.000000,same-family nearest train ID distance <= 16,not_claimed,family numeric ID distance only,first 10 pairs by ascending ID distance and lexical pair ID
fpc_0048,3,fp_0219,nframe,nframe_04766,data/images/nframe_04766.npy,4766,nframe_04763,data/images/nframe_04763.npy,4763,3,no,no,yes,no,NA,cdc_0509,NA,tvcc_0013,no,4.669375,23.000000,same-family nearest train ID distance <= 16,not_claimed,family numeric ID distance only,first 10 pairs by ascending ID distance and lexical pair ID
fpc_0048,4,fp_0237,nframe,nframe_04767,data/images/nframe_04767.npy,4767,nframe_04763,data/images/nframe_04763.npy,4763,4,no,no,yes,no,NA,cdc_0509,NA,tvcc_0013,no,5.097136,24.000000,same-family nearest train ID distance <= 16,not_claimed,family numeric ID distance only,first 10 pairs by ascending ID distance and lexical pair ID
fpc_0048,5,fp_0254,nframe,nframe_04768,data/images/nframe_04768.npy,4768,nframe_04763,data/images/nframe_04763.npy,4763,5,no,no,yes,no,NA,cdc_0509,NA,tvcc_0013,no,6.696250,30.000000,same-family nearest train ID distance <= 16,not_claimed,family numeric ID distance only,first 10 pairs by ascending ID distance and lexical pair ID
fpc_0048,6,fp_0310,nframe,nframe_04774,data/images/nframe_04774.npy,4774,nframe_04763,data/images/nframe_04763.npy,4763,11,no,no,yes,no,NA,cdc_0509,NA,tvcc_0013,no,7.919757,34.000000,same-family nearest train ID distance <= 16,not_claimed,family numeric ID distance only,first 10 pairs by ascending ID distance and lexical pair ID
fpc_0048,7,fp_0319,nframe,nframe_04775,data/images/nframe_04775.npy,4775,nframe_04763,data/images/nframe_04763.npy,4763,12,no,no,yes,no,NA,cdc_0509,NA,tvcc_0013,no,8.754791,37.000000,same-family nearest train ID distance <= 16,not_claimed,family numeric ID distance only,first 10 pairs by ascending ID distance and lexical pair ID
fpc_0048,8,fp_0328,nframe,nframe_04776,data/images/nframe_04776.npy,4776,nframe_04763,data/images/nframe_04763.npy,4763,13,no,no,yes,no,NA,cdc_0509,NA,tvcc_0013,no,8.827830,38.000000,same-family nearest train ID distance <= 16,not_claimed,family numeric ID distance only,first 10 pairs by ascending ID distance and lexical pair ID
fpc_0048,9,fp_0336,nframe,nframe_04777,data/images/nframe_04777.npy,4777,nframe_04763,data/images/nframe_04763.npy,4763,14,no,no,yes,no,NA,cdc_0509,NA,tvcc_0013,no,8.818664,38.000000,same-family nearest train ID distance <= 16,not_claimed,family numeric ID distance only,first 10 pairs by ascending ID distance and lexical pair ID
fpc_0048,10,fp_0344,nframe,nframe_04778,data/images/nframe_04778.npy,4778,nframe_04763,data/images/nframe_04763.npy,4763,15,no,no,yes,no,NA,cdc_0509,NA,tvcc_0013,no,8.729514,38.000000,same-family nearest train ID distance <= 16,not_claimed,family numeric ID distance only,first 10 pairs by ascending ID distance and lexical pair ID
fpc_0049,1,fp_0148,nframe,nframe_05545,data/images/nframe_05545.npy,5545,nframe_05544,data/images/nframe_05544.npy,5544,1,no,no,yes,no,cdc_0946,cdc_1038,tvcc_0029,NA,no,0.892483,3.000000,same-family nearest train ID distance <= 16,not_claimed,family numeric ID distance only,all pairs selected because cluster pair_count <= 10
fpc_0050,1,fp_0149,nframe,nframe_05549,data/images/nframe_05549.npy,5549,nframe_05548,data/images/nframe_05548.npy,5548,1,no,no,yes,no,cdc_1039,NA,tvcc_0030,NA,no,0.485486,2.000000,same-family nearest train ID distance <= 16,not_claimed,family numeric ID distance only,all pairs selected because cluster pair_count <= 10
fpc_0051,1,fp_0150,nframe,nframe_06578,data/images/nframe_06578.npy,6578,nframe_06577,data/images/nframe_06577.npy,6577,1,no,no,no,yes,cdc_0514,NA,NA,NA,no,3.082674,11.000000,same-family nearest train ID distance <= 16,not_claimed,family numeric ID distance only,all pairs selected because cluster pair_count <= 10
fpc_0052,1,fp_0151,nframe,nframe_06579,data/images/nframe_06579.npy,6579,nframe_06580,data/images/nframe_06580.npy,6580,1,no,no,yes,no,cdc_0514,NA,tvcc_0016,NA,no,3.744236,19.000000,same-family nearest train ID distance <= 16,not_claimed,family numeric ID distance only,all pairs selected because cluster pair_count <= 10
fpc_0053,1,fp_0152,nframe,nframe_06670,data/images/nframe_06670.npy,6670,nframe_06669,data/images/nframe_06669.npy,6669,1,no,no,yes,no,cdc_1087,cdc_1086,tvcc_0033,NA,no,1.875365,5.000000,same-family nearest train ID distance <= 16,not_claimed,family numeric ID distance only,all pairs selected because cluster pair_count <= 10
fpc_0054,1,fp_0153,nframe,nframe_06671,data/images/nframe_06671.npy,6671,nframe_06672,data/images/nframe_06672.npy,6672,1,no,no,yes,no,cdc_1087,NA,tvcc_0033,NA,no,1.488056,4.000000,same-family nearest train ID distance <= 16,not_claimed,family numeric ID distance only,all pairs selected because cluster pair_count <= 10
fpc_0055,1,fp_0154,nframe,nframe_06809,data/images/nframe_06809.npy,6809,nframe_06810,data/images/nframe_06810.npy,6810,1,no,no,yes,no,NA,cdc_1097,NA,tvcc_0034,no,1.113733,3.000000,same-family nearest train ID distance <= 16,not_claimed,family numeric ID distance only,first 10 pairs by ascending ID distance and lexical pair ID
fpc_0055,2,fp_0194,nframe,nframe_06808,data/images/nframe_06808.npy,6808,nframe_06810,data/images/nframe_06810.npy,6810,2,no,no,yes,no,NA,cdc_1097,NA,tvcc_0034,no,1.708542,5.000000,same-family nearest train ID distance <= 16,not_claimed,family numeric ID distance only,first 10 pairs by ascending ID distance and lexical pair ID
fpc_0055,3,fp_0220,nframe,nframe_06807,data/images/nframe_06807.npy,6807,nframe_06810,data/images/nframe_06810.npy,6810,3,no,no,yes,no,NA,cdc_1097,NA,tvcc_0034,no,2.085799,7.000000,same-family nearest train ID distance <= 16,not_claimed,family numeric ID distance only,first 10 pairs by ascending ID distance and lexical pair ID
fpc_0055,4,fp_0238,nframe,nframe_06806,data/images/nframe_06806.npy,6806,nframe_06810,data/images/nframe_06810.npy,6810,4,no,no,yes,no,NA,cdc_1097,NA,tvcc_0034,no,2.286094,9.000000,same-family nearest train ID distance <= 16,not_claimed,family numeric ID distance only,first 10 pairs by ascending ID distance and lexical pair ID
fpc_0055,5,fp_0255,nframe,nframe_06805,data/images/nframe_06805.npy,6805,nframe_06810,data/images/nframe_06810.npy,6810,5,no,no,yes,no,NA,cdc_1097,NA,tvcc_0034,no,2.490451,10.000000,same-family nearest train ID distance <= 16,not_claimed,family numeric ID distance only,first 10 pairs by ascending ID distance and lexical pair ID
fpc_0055,6,fp_0268,nframe,nframe_06804,data/images/nframe_06804.npy,6804,nframe_06810,data/images/nframe_06810.npy,6810,6,no,no,yes,no,NA,cdc_1097,NA,tvcc_0034,no,2.713455,11.000000,same-family nearest train ID distance <= 16,not_claimed,family numeric ID distance only,first 10 pairs by ascending ID distance and lexical pair ID
fpc_0055,7,fp_0279,nframe,nframe_06803,data/images/nframe_06803.npy,6803,nframe_06810,data/images/nframe_06810.npy,6810,7,no,no,yes,no,NA,cdc_1097,NA,tvcc_0034,no,2.950017,13.000000,same-family nearest train ID distance <= 16,not_claimed,family numeric ID distance only,first 10 pairs by ascending ID distance and lexical pair ID
fpc_0055,8,fp_0302,nframe,nframe_06800,data/images/nframe_06800.npy,6800,nframe_06810,data/images/nframe_06810.npy,6810,10,no,no,yes,no,NA,cdc_1097,NA,tvcc_0034,no,2.664271,12.000000,same-family nearest train ID distance <= 16,not_claimed,family numeric ID distance only,first 10 pairs by ascending ID distance and lexical pair ID
fpc_0055,9,fp_0311,nframe,nframe_06799,data/images/nframe_06799.npy,6799,nframe_06810,data/images/nframe_06810.npy,6810,11,no,no,yes,no,NA,cdc_1097,NA,tvcc_0034,no,2.682969,13.000000,same-family nearest train ID distance <= 16,not_claimed,family numeric ID distance only,first 10 pairs by ascending ID distance and lexical pair ID
fpc_0055,10,fp_0320,nframe,nframe_06798,data/images/nframe_06798.npy,6798,nframe_06810,data/images/nframe_06810.npy,6810,12,no,no,yes,no,cdc_1096,cdc_1097,NA,tvcc_0034,no,3.139983,14.000000,same-family nearest train ID distance <= 16,not_claimed,family numeric ID distance only,first 10 pairs by ascending ID distance and lexical pair ID
fpc_0056,1,fp_0155,nframe,nframe_07009,data/images/nframe_07009.npy,7009,nframe_07008,data/images/nframe_07008.npy,7008,1,no,no,no,yes,cdc_1061,NA,NA,NA,no,4.207066,21.000000,same-family nearest train ID distance <= 16,not_claimed,family numeric ID distance only,all pairs selected because cluster pair_count <= 10
fpc_0057,1,fp_0156,nframe,nframe_07010,data/images/nframe_07010.npy,7010,nframe_07011,data/images/nframe_07011.npy,7011,1,no,no,yes,no,cdc_1061,NA,tvcc_0032,NA,no,2.922830,15.000000,same-family nearest train ID distance <= 16,not_claimed,family numeric ID distance only,all pairs selected because cluster pair_count <= 10
fpc_0058,1,fp_0157,nframe,nframe_07355,data/images/nframe_07355.npy,7355,nframe_07356,data/images/nframe_07356.npy,7356,1,no,no,yes,no,cdc_1039,cdc_0708,tvcc_0030,tvcc_0020,no,1.067396,5.000000,same-family nearest train ID distance <= 16,not_claimed,family numeric ID distance only,first 10 pairs by ascending ID distance and lexical pair ID
fpc_0058,2,fp_0195,nframe,nframe_07354,data/images/nframe_07354.npy,7354,nframe_07356,data/images/nframe_07356.npy,7356,2,no,no,yes,no,cdc_1039,cdc_0708,NA,tvcc_0020,no,1.608316,8.000000,same-family nearest train ID distance <= 16,not_claimed,family numeric ID distance only,first 10 pairs by ascending ID distance and lexical pair ID
fpc_0058,3,fp_0221,nframe,nframe_07353,data/images/nframe_07353.npy,7353,nframe_07356,data/images/nframe_07356.npy,7356,3,no,no,yes,no,cdc_1143,cdc_0708,NA,tvcc_0020,no,2.176823,13.000000,same-family nearest train ID distance <= 16,not_claimed,family numeric ID distance only,first 10 pairs by ascending ID distance and lexical pair ID
fpc_0058,4,fp_0239,nframe,nframe_07352,data/images/nframe_07352.npy,7352,nframe_07356,data/images/nframe_07356.npy,7356,4,no,no,yes,no,cdc_1143,cdc_0708,tvcc_0035,tvcc_0020,no,2.683507,17.000000,same-family nearest train ID distance <= 16,not_claimed,family numeric ID distance only,first 10 pairs by ascending ID distance and lexical pair ID
fpc_0058,5,fp_0256,nframe,nframe_07351,data/images/nframe_07351.npy,7351,nframe_07356,data/images/nframe_07356.npy,7356,5,no,no,yes,no,NA,cdc_0708,NA,tvcc_0020,no,3.598056,26.000000,same-family nearest train ID distance <= 16,not_claimed,family numeric ID distance only,first 10 pairs by ascending ID distance and lexical pair ID
fpc_0058,6,fp_0269,nframe,nframe_07350,data/images/nframe_07350.npy,7350,nframe_07356,data/images/nframe_07356.npy,7356,6,no,no,yes,no,cdc_1142,cdc_0708,NA,tvcc_0020,no,3.758785,27.000000,same-family nearest train ID distance <= 16,not_claimed,family numeric ID distance only,first 10 pairs by ascending ID distance and lexical pair ID
fpc_0058,7,fp_0280,nframe,nframe_07349,data/images/nframe_07349.npy,7349,nframe_07356,data/images/nframe_07356.npy,7356,7,no,no,yes,no,cdc_1142,cdc_0708,NA,tvcc_0020,no,3.847951,27.000000,same-family nearest train ID distance <= 16,not_claimed,family numeric ID distance only,first 10 pairs by ascending ID distance and lexical pair ID
fpc_0058,8,fp_0288,nframe,nframe_07348,data/images/nframe_07348.npy,7348,nframe_07356,data/images/nframe_07356.npy,7356,8,no,no,yes,no,cdc_1142,cdc_0708,NA,tvcc_0020,no,3.859132,27.000000,same-family nearest train ID distance <= 16,not_claimed,family numeric ID distance only,first 10 pairs by ascending ID distance and lexical pair ID
fpc_0058,9,fp_0295,nframe,nframe_07347,data/images/nframe_07347.npy,7347,nframe_07356,data/images/nframe_07356.npy,7356,9,no,no,yes,no,cdc_1142,cdc_0708,NA,tvcc_0020,no,3.907326,27.000000,same-family nearest train ID distance <= 16,not_claimed,family numeric ID distance only,first 10 pairs by ascending ID distance and lexical pair ID
fpc_0058,10,fp_0303,nframe,nframe_07346,data/images/nframe_07346.npy,7346,nframe_07356,data/images/nframe_07356.npy,7356,10,no,no,yes,no,cdc_1142,cdc_0708,NA,tvcc_0020,no,3.924861,27.000000,same-family nearest train ID distance <= 16,not_claimed,family numeric ID distance only,first 10 pairs by ascending ID distance and lexical pair ID
fpc_0059,1,fp_0158,nframe,nframe_07358,data/images/nframe_07358.npy,7358,nframe_07357,data/images/nframe_07357.npy,7357,1,no,no,yes,no,cdc_1144,cdc_0708,NA,tvcc_0020,no,1.303837,6.000000,same-family nearest train ID distance <= 16,not_claimed,family numeric ID distance only,all pairs selected because cluster pair_count <= 10
fpc_0059,2,fp_0196,nframe,nframe_07359,data/images/nframe_07359.npy,7359,nframe_07357,data/images/nframe_07357.npy,7357,2,no,no,yes,no,cdc_1144,cdc_0708,NA,tvcc_0020,no,2.203993,12.000000,same-family nearest train ID distance <= 16,not_claimed,family numeric ID distance only,all pairs selected because cluster pair_count <= 10
fpc_0060,1,fp_0159,nframe,nframe_07789,data/images/nframe_07789.npy,7789,nframe_07790,data/images/nframe_07790.npy,7790,1,no,no,yes,no,cdc_1193,NA,tvcc_0038,NA,no,11.788750,52.000000,same-family nearest train ID distance <= 16,not_claimed,family numeric ID distance only,all pairs selected because cluster pair_count <= 10
fpc_0060,2,fp_0197,nframe,nframe_07788,data/images/nframe_07788.npy,7788,nframe_07790,data/images/nframe_07790.npy,7790,2,no,no,yes,no,cdc_1192,NA,tvcc_0037,NA,no,12.574375,53.000000,same-family nearest train ID distance <= 16,not_claimed,family numeric ID distance only,all pairs selected because cluster pair_count <= 10
fpc_0061,1,fp_0160,nframe,nframe_07796,data/images/nframe_07796.npy,7796,nframe_07795,data/images/nframe_07795.npy,7795,1,no,no,yes,no,cdc_1187,NA,tvcc_0036,NA,no,16.674706,82.000000,same-family nearest train ID distance <= 16,not_claimed,family numeric ID distance only,all pairs selected because cluster pair_count <= 10
fpc_0062,1,fp_0161,nframe,nframe_07834,data/images/nframe_07834.npy,7834,nframe_07833,data/images/nframe_07833.npy,7833,1,no,no,yes,no,cdc_1198,NA,tvcc_0039,NA,no,4.939688,24.000000,same-family nearest train ID distance <= 16,not_claimed,family numeric ID distance only,all pairs selected because cluster pair_count <= 10
fpc_0062,2,fp_0198,nframe,nframe_07835,data/images/nframe_07835.npy,7835,nframe_07833,data/images/nframe_07833.npy,7833,2,no,no,yes,no,cdc_1199,NA,tvcc_0040,NA,no,7.466007,36.000000,same-family nearest train ID distance <= 16,not_claimed,family numeric ID distance only,all pairs selected because cluster pair_count <= 10
fpc_0063,1,fp_0162,nframe,nframe_07836,data/images/nframe_07836.npy,7836,nframe_07837,data/images/nframe_07837.npy,7837,1,no,no,yes,no,cdc_1199,NA,tvcc_0040,NA,no,2.716458,11.000000,same-family nearest train ID distance <= 16,not_claimed,family numeric ID distance only,all pairs selected because cluster pair_count <= 10
fpc_0063,2,fp_0163,nframe,nframe_07838,data/images/nframe_07838.npy,7838,nframe_07837,data/images/nframe_07837.npy,7837,1,no,no,yes,no,cdc_1198,NA,tvcc_0039,NA,no,3.197951,15.000000,same-family nearest train ID distance <= 16,not_claimed,family numeric ID distance only,all pairs selected because cluster pair_count <= 10
fpc_0063,3,fp_0199,nframe,nframe_07839,data/images/nframe_07839.npy,7839,nframe_07837,data/images/nframe_07837.npy,7837,2,no,no,yes,no,cdc_1198,NA,tvcc_0039,NA,no,5.977830,32.000000,same-family nearest train ID distance <= 16,not_claimed,family numeric ID distance only,all pairs selected because cluster pair_count <= 10
fpc_0063,4,fp_0222,nframe,nframe_07840,data/images/nframe_07840.npy,7840,nframe_07837,data/images/nframe_07837.npy,7837,3,no,no,yes,no,cdc_1198,NA,tvcc_0039,NA,no,7.950677,39.000000,same-family nearest train ID distance <= 16,not_claimed,family numeric ID distance only,all pairs selected because cluster pair_count <= 10
fpc_0063,5,fp_0240,nframe,nframe_07841,data/images/nframe_07841.npy,7841,nframe_07837,data/images/nframe_07837.npy,7837,4,no,no,yes,no,cdc_1198,NA,tvcc_0039,NA,no,8.231927,40.000000,same-family nearest train ID distance <= 16,not_claimed,family numeric ID distance only,all pairs selected because cluster pair_count <= 10
fpc_0063,6,fp_0257,nframe,nframe_07842,data/images/nframe_07842.npy,7842,nframe_07837,data/images/nframe_07837.npy,7837,5,no,no,no,yes,cdc_1198,NA,NA,NA,no,8.448142,41.000000,same-family nearest train ID distance <= 16,not_claimed,family numeric ID distance only,all pairs selected because cluster pair_count <= 10
fpc_0063,7,fp_0270,nframe,nframe_07843,data/images/nframe_07843.npy,7843,nframe_07837,data/images/nframe_07837.npy,7837,6,no,no,yes,no,cdc_1198,NA,tvcc_0039,NA,no,8.448715,41.000000,same-family nearest train ID distance <= 16,not_claimed,family numeric ID distance only,all pairs selected because cluster pair_count <= 10
fpc_0063,8,fp_0281,nframe,nframe_07844,data/images/nframe_07844.npy,7844,nframe_07837,data/images/nframe_07837.npy,7837,7,no,no,yes,no,cdc_1198,NA,tvcc_0039,NA,no,8.475504,40.000000,same-family nearest train ID distance <= 16,not_claimed,family numeric ID distance only,all pairs selected because cluster pair_count <= 10
fpc_0064,1,fp_0164,nframe,nframe_07912,data/images/nframe_07912.npy,7912,nframe_07911,data/images/nframe_07911.npy,7911,1,no,no,yes,no,cdc_1198,NA,tvcc_0039,NA,no,7.736059,37.000000,same-family nearest train ID distance <= 16,not_claimed,family numeric ID distance only,all pairs selected because cluster pair_count <= 10
fpc_0065,1,fp_0165,nframe,nframe_07913,data/images/nframe_07913.npy,7913,nframe_07914,data/images/nframe_07914.npy,7914,1,no,no,yes,no,cdc_1198,cdc_1206,tvcc_0039,NA,no,5.721996,23.000000,same-family nearest train ID distance <= 16,not_claimed,family numeric ID distance only,all pairs selected because cluster pair_count <= 10
fpc_0066,1,fp_0166,nframe,nframe_09361,data/images/nframe_09361.npy,9361,nframe_09360,data/images/nframe_09360.npy,9360,1,no,no,no,yes,cdc_1388,cdc_1387,NA,NA,no,1.978472,7.000000,same-family nearest train ID distance <= 16,not_claimed,family numeric ID distance only,all pairs selected because cluster pair_count <= 10
fpc_0066,2,fp_0200,nframe,nframe_09362,data/images/nframe_09362.npy,9362,nframe_09360,data/images/nframe_09360.npy,9360,2,no,no,yes,no,cdc_1388,cdc_1387,tvcc_0041,NA,no,2.213802,8.000000,same-family nearest train ID distance <= 16,not_claimed,family numeric ID distance only,all pairs selected because cluster pair_count <= 10
fpc_0067,1,fp_0167,nframe,nframe_09363,data/images/nframe_09363.npy,9363,nframe_09364,data/images/nframe_09364.npy,9364,1,no,no,yes,no,cdc_1388,cdc_1389,tvcc_0041,NA,no,1.258819,4.000000,same-family nearest train ID distance <= 16,not_claimed,family numeric ID distance only,all pairs selected because cluster pair_count <= 10
fpc_0068,1,fp_0168,nframe,nframe_09433,data/images/nframe_09433.npy,9433,nframe_09432,data/images/nframe_09432.npy,9432,1,no,no,yes,no,cdc_1143,NA,tvcc_0035,NA,no,0.341892,2.000000,same-family nearest train ID distance <= 16,not_claimed,family numeric ID distance only,all pairs selected because cluster pair_count <= 10
fpc_0069,1,fp_0169,nframe,nframe_09434,data/images/nframe_09434.npy,9434,nframe_09435,data/images/nframe_09435.npy,9435,1,no,no,yes,no,cdc_1039,NA,tvcc_0030,NA,no,0.313490,2.000000,same-family nearest train ID distance <= 16,not_claimed,family numeric ID distance only,all pairs selected because cluster pair_count <= 10
fpc_0070,1,fp_0170,nframe,nframe_09895,data/images/nframe_09895.npy,9895,nframe_09894,data/images/nframe_09894.npy,9894,1,no,no,yes,no,cdc_1056,NA,tvcc_0031,NA,no,5.617031,12.000000,same-family nearest train ID distance <= 16,not_claimed,family numeric ID distance only,all pairs selected because cluster pair_count <= 10
fpc_0070,2,fp_0201,nframe,nframe_09896,data/images/nframe_09896.npy,9896,nframe_09894,data/images/nframe_09894.npy,9894,2,no,no,yes,no,cdc_1056,NA,tvcc_0031,NA,no,5.617031,12.000000,same-family nearest train ID distance <= 16,not_claimed,family numeric ID distance only,all pairs selected because cluster pair_count <= 10
